CustomerID,Revenue
14646.0,279138.02
18102.0,259657.3
17450.0,194550.79
16446.0,168472.5
14911.0,136275.72
12415.0,124564.53
14156.0,116729.63
17511.0,91062.38
12346.0,77183.6
16029.0,72882.09
16684.0,66653.56
13694.0,65039.62
15311.0,60767.9
13089.0,58825.83
17949.0,58030.48
15769.0,56252.72
15061.0,54534.14
14096.0,53258.43
14298.0,51527.3
14088.0,50491.81
15749.0,44534.3
12931.0,42055.96
17841.0,40967.72
15098.0,39916.5
13798.0,37153.85
16013.0,37130.6
16422.0,34684.4
15838.0,33643.08
12748.0,32317.32
17389.0,31833.68
17404.0,31781.82
13098.0,28882.44
14680.0,28754.11
13081.0,28337.38
13408.0,28117.04
16333.0,26626.8
13777.0,25977.16
17857.0,25301.54
12753.0,21429.39
16210.0,21076.3
17675.0,20374.28
17381.0,20275.61
15039.0,19914.44
12731.0,18751.91
15159.0,18641.010000000002
12901.0,17654.54
12471.0,17424.05
14031.0,17286.86
17428.0,17256.85
13767.0,17220.36
13881.0,17159.52
16839.0,16594.35
12921.0,16587.09
15856.0,16386.31
17677.0,16363.23
12678.0,16331.46
15189.0,16225.39
14051.0,15610.390000000001
14607.0,15021.5
15513.0,14758.220000000001
16133.0,14589.04
14866.0,14353.4
16705.0,14034.99
12433.0,13375.87
15498.0,13316.4
12477.0,13219.74
17735.0,13110.02
16525.0,13027.45
14258.0,12669.98
13078.0,12627.94
15640.0,12515.66
12621.0,12411.67
16000.0,12393.7
12681.0,12365.54
17340.0,12353.29
13113.0,12245.960000000001
14606.0,12006.65
12557.0,11990.960000000001
12939.0,11581.8
12540.0,11580.24
15125.0,11528.48
14194.0,11349.52
12971.0,11189.91
14895.0,11138.710000000001
12409.0,11072.67
17581.0,11045.04
12682.0,11028.22
15482.0,11014.96
13319.0,10845.550000000001
17107.0,10815.43
13340.0,10736.48
14769.0,10673.1
17139.0,10668.47
16779.0,10629.720000000001
17865.0,10524.220000000001
17706.0,10504.49
15251.0,10484.99
14062.0,10464.85
15615.0,10399.74
16180.0,10254.18
16843.0,10196.57
13001.0,9818.82
13199.0,9802.12
15078.0,9743.11
13458.0,9646.57
14733.0,9585.91
12709.0,9430.52
16523.0,9418.470000000001
12590.0,9341.26
14367.0,9261.52
14667.0,9236.95
12744.0,9120.39
18092.0,9068.26
13969.0,9053.94
12451.0,8995.52
13488.0,8968.31
13090.0,8895.82
16033.0,8816.4
17017.0,8694.26
17243.0,8668.45
17306.0,8631.31
16656.0,8625.8
12567.0,8609.28
14527.0,8507.82
18139.0,8438.34
15358.0,8347.2
16558.0,8338.49
14056.0,8214.65
14936.0,8137.02
16672.0,8134.9400000000005
13854.0,8109.5199999999995
14952.0,8099.49
18109.0,8052.97
14796.0,8020.93
15290.0,7943.22
14849.0,7930.54
13093.0,7832.47
17811.0,7831.03
12435.0,7829.89
13629.0,7792.36
15044.0,7700.2300000000005
15194.0,7616.53
12683.0,7612.57
18172.0,7561.68
13263.0,7428.85
12980.0,7374.900000000001
15465.0,7354.62
17396.0,7312.8
13018.0,7277.7
18229.0,7276.900000000001
16923.0,7247.61
16729.0,7236.6
16745.0,7194.3
16873.0,7123.62
13324.0,7121.95
13985.0,7060.13
14961.0,7044.68
12798.0,6977.04
12989.0,6924.110000000001
15502.0,6923.98
16713.0,6923.13
13027.0,6912.0
16187.0,6911.4400000000005
17416.0,6893.42
12830.0,6814.64
18055.0,6784.1900000000005
15023.0,6783.86
15601.0,6776.56
16652.0,6773.97
16532.0,6748.8
12474.0,6745.79
13576.0,6717.34
12583.0,6705.38
16746.0,6697.66
15249.0,6688.46
16353.0,6675.71
17338.0,6635.14
16182.0,6617.65
15144.0,6580.44
16814.0,6499.2
18223.0,6484.54
15694.0,6464.4
13225.0,6463.84
12766.0,6457.63
13102.0,6424.09
12428.0,6405.26
13871.0,6403.25
12431.0,6382.45
12705.0,6382.29
12359.0,6372.58
13668.0,6363.59
13709.0,6328.05
15005.0,6314.87
16126.0,6287.77
17315.0,6252.18
14057.0,6217.96
12357.0,6207.67
14060.0,6140.42
13418.0,6127.43
17509.0,6115.14
15939.0,6100.01
12472.0,6068.11
14735.0,6050.69
13097.0,6010.42
13316.0,5977.7300000000005
14101.0,5976.79
15382.0,5955.71
12626.0,5954.48
14505.0,5905.64
14415.0,5900.28
14944.0,5900.25
12476.0,5898.42
13209.0,5891.61
13534.0,5870.08
13050.0,5833.11
12637.0,5823.9
15218.0,5756.89
17686.0,5739.46
13178.0,5725.47
16553.0,5719.82
13468.0,5704.97
14110.0,5683.15
14049.0,5681.72
17049.0,5659.9800000000005
17716.0,5655.99
13004.0,5655.91
18118.0,5651.42
14688.0,5630.87
17757.0,5601.34
12839.0,5591.42
16767.0,5580.6
16161.0,5575.56
12539.0,5568.35
15805.0,5528.4800000000005
18225.0,5509.12
16609.0,5493.46
16985.0,5464.12
18198.0,5425.56
17809.0,5411.91
16701.0,5398.3
17719.0,5396.04
17850.0,5391.21
16303.0,5360.63
16265.0,5347.0
13269.0,5346.2300000000005
15150.0,5314.47
17730.0,5298.4800000000005
17061.0,5232.2300000000005
18226.0,5228.05
16258.0,5203.51
15046.0,5194.82
13756.0,5189.52
16191.0,5180.52
15727.0,5178.96
17858.0,5155.66
13599.0,5153.67
15903.0,5126.76
12720.0,5115.7300000000005
13941.0,5112.96
17602.0,5102.97
16700.0,5076.55
14562.0,5074.77
15301.0,5070.35
13139.0,5064.94
15719.0,5043.96
17426.0,5037.26
12481.0,5020.32
14329.0,5014.84
14755.0,5010.28
15032.0,4959.1
15547.0,4954.84
15786.0,4932.2
14709.0,4921.04
17133.0,4892.240000000001
12688.0,4873.8099999999995
14292.0,4871.93
17652.0,4867.72
12490.0,4859.93
15738.0,4812.42
13013.0,4810.9400000000005
15555.0,4802.18
15298.0,4799.9
17365.0,4796.52
15187.0,4762.18
17690.0,4757.95
12955.0,4757.16
14180.0,4748.52
15152.0,4745.69
12362.0,4737.23
16722.0,4730.81
14159.0,4690.64
14135.0,4690.31
14191.0,4684.76
14189.0,4654.08
14390.0,4652.82
14286.0,4628.75
15291.0,4623.3
16931.0,4604.22
13802.0,4599.42
15093.0,4597.02
14004.0,4582.64
17613.0,4559.150000000001
17068.0,4545.89
12700.0,4525.99
13267.0,4521.49
17975.0,4485.51
14426.0,4481.67
16984.0,4481.35
17364.0,4481.18
14085.0,4448.54
12437.0,4447.41
14534.0,4445.4
13069.0,4436.12
15955.0,4416.26
16626.0,4413.1
15874.0,4405.88
12664.0,4391.88
12752.0,4366.78
12432.0,4359.32
16945.0,4345.5
14800.0,4339.74
14525.0,4332.2
17567.0,4331.48
18251.0,4314.72
12347.0,4310.0
15034.0,4308.61
17937.0,4301.22
12714.0,4294.86
14016.0,4291.21
12536.0,4279.71
14422.0,4263.64
17419.0,4226.57
15804.0,4206.39
12757.0,4199.2
12747.0,4196.01
15971.0,4194.9
17920.0,4192.2
14146.0,4191.0
18041.0,4183.39
14277.0,4180.2
12949.0,4167.22
15570.0,4165.52
16549.0,4154.64
13384.0,4151.93
13555.0,4149.28
13988.0,4147.96
15514.0,4139.46
16592.0,4113.68
17377.0,4100.92
16401.0,4098.32
16670.0,4095.9
12444.0,4085.46
12627.0,4082.53
14092.0,4076.91
12500.0,4059.82
14401.0,4051.48
12749.0,4040.88
12867.0,4036.82
12841.0,4022.35
12957.0,4017.54
12378.0,4008.62
14547.0,4007.54
16186.0,4006.94
17769.0,3997.98
15529.0,3992.68
17001.0,3989.57
15416.0,3984.32
17611.0,3984.22
12779.0,3981.36
14299.0,3965.62
13523.0,3964.88
13183.0,3957.78
12484.0,3953.72
12524.0,3945.72
17651.0,3945.0
12712.0,3928.13
17593.0,3927.34
15299.0,3907.01
14739.0,3902.28
13999.0,3901.81
14291.0,3883.25
18073.0,3877.5200000000004
13124.0,3866.33
15195.0,3861.0
16717.0,3858.38
13266.0,3834.2599999999998
17091.0,3827.76
16327.0,3813.62
12755.0,3811.95
13435.0,3809.8900000000003
15867.0,3806.1
16145.0,3799.4900000000002
16655.0,3794.52
16168.0,3787.6
16019.0,3786.2400000000002
17173.0,3766.6
17238.0,3744.65
14145.0,3742.2
13552.0,3740.07
16570.0,3738.4
16904.0,3735.4700000000003
15808.0,3734.9700000000003
14282.0,3729.34
13680.0,3722.42
16240.0,3718.8
14364.0,3717.35
15845.0,3711.77
15622.0,3709.56
13148.0,3707.12
17819.0,3704.87
15379.0,3703.29
16253.0,3683.86
15296.0,3672.86
13815.0,3667.36
18079.0,3651.97
13137.0,3650.41
13426.0,3641.32
16440.0,3640.67
13381.0,3639.31
17230.0,3638.41
16712.0,3637.78
13505.0,3633.63
17528.0,3628.5
13327.0,3627.77
17576.0,3622.68
12656.0,3619.17
14040.0,3614.92
13082.0,3613.63
15505.0,3610.96
15113.0,3608.94
16242.0,3603.21
12449.0,3596.29
15484.0,3594.31
14543.0,3590.68
14132.0,3586.0299999999997
17203.0,3563.85
17491.0,3558.87
15544.0,3546.71
12662.0,3543.78
14503.0,3543.26
13448.0,3539.37
13334.0,3536.82
12454.0,3528.34
17160.0,3518.03
13953.0,3515.68
16360.0,3512.53
14395.0,3507.71
16131.0,3506.54
14907.0,3501.1
16458.0,3482.7400000000002
13993.0,3466.36
13014.0,3466.2799999999997
17758.0,3456.7000000000003
15410.0,3450.84
13536.0,3448.29
15129.0,3447.4
15974.0,3442.15
12727.0,3440.7
17725.0,3439.08
15676.0,3435.76
14221.0,3432.8
12370.0,3425.69
12406.0,3415.3
15981.0,3408.48
13437.0,3408.06
17669.0,3406.7200000000003
13198.0,3401.2400000000002
12429.0,3388.4
15228.0,3386.71
12562.0,3385.7400000000002
13842.0,3385.62
15708.0,3364.2400000000002
16011.0,3362.71
14227.0,3350.96
16818.0,3349.57
16607.0,3347.71
17183.0,3347.31
13015.0,3346.28
16556.0,3313.79
13373.0,3312.25
14841.0,3295.76
14702.0,3292.14
15632.0,3285.31
15764.0,3279.97
12553.0,3278.28
17723.0,3276.4000000000005
13952.0,3251.071
15443.0,3236.91
13047.0,3232.59
17050.0,3228.84
12417.0,3226.1
14175.0,3222.3
13880.0,3219.77
14388.0,3212.84
12594.0,3208.2200000000003
16107.0,3204.1600000000003
18087.0,3202.9199999999996
17220.0,3198.25
12597.0,3195.22
13268.0,3192.65
13868.0,3192.54
17685.0,3191.53
13758.0,3190.55
14844.0,3189.81
17672.0,3178.17
12668.0,3177.15
17231.0,3174.32
16837.0,3170.98
16041.0,3166.4
15861.0,3165.36
17863.0,3160.0
15065.0,3158.13
12569.0,3152.69
12647.0,3146.82
14235.0,3144.86
13742.0,3131.02
16156.0,3122.04
13685.0,3119.44
16326.0,3110.96
16678.0,3109.99
13869.0,3104.95
14099.0,3104.17
16905.0,3102.43
15491.0,3100.09
14257.0,3099.7200000000003
13135.0,3096.0
17059.0,3095.04
12613.0,3092.38
13362.0,3090.7400000000002
15998.0,3089.97
16218.0,3084.68
18272.0,3078.58
12910.0,3075.04
13631.0,3070.42
16686.0,3062.83
14456.0,3059.44
17799.0,3055.93
16940.0,3049.88
16393.0,3046.21
12643.0,3041.64
16709.0,3029.87
18094.0,3017.3
12754.0,3010.74
12916.0,3006.15
15521.0,3000.2
17659.0,2999.46
17504.0,2997.0299999999997
12502.0,2995.87
14307.0,2995.72
15687.0,2993.1
14639.0,2984.49
13520.0,2984.35
13451.0,2976.15
14032.0,2975.59
15854.0,2974.65
16497.0,2965.69
17924.0,2962.5
14868.0,2953.59
17084.0,2949.75
14565.0,2949.12
12619.0,2945.56
16316.0,2938.91
14530.0,2925.91
17512.0,2924.9900000000002
15606.0,2920.16
12906.0,2919.81
14112.0,2915.15
17644.0,2895.64
18144.0,2888.75
12480.0,2885.63
13735.0,2885.2400000000002
16633.0,2883.1
15673.0,2881.02
14251.0,2879.7000000000003
17728.0,2876.01
14005.0,2874.72
15628.0,2870.2400000000002
14711.0,2868.8
13901.0,2867.2
14535.0,2864.19
18145.0,2861.55
16928.0,2839.65
15984.0,2837.67
14852.0,2836.69
14572.0,2832.84
17596.0,2827.93
14842.0,2824.69
13174.0,2813.03
16871.0,2812.34
14903.0,2810.63
18230.0,2810.2000000000003
12598.0,2807.08
13230.0,2806.97
16081.0,2806.9
16764.0,2799.25
13769.0,2796.51
12758.0,2791.59
17739.0,2791.35
14626.0,2791.27
15993.0,2788.87
17213.0,2781.23
12388.0,2780.66
14121.0,2780.15
17838.0,2779.3
13870.0,2770.94
15356.0,2766.5
15114.0,2760.56
14854.0,2759.83
13971.0,2758.26
15321.0,2748.31
12670.0,2744.05
14808.0,2741.17
14125.0,2740.43
15696.0,2736.46
16938.0,2736.38
16003.0,2735.37
12840.0,2726.77
15796.0,2710.56
17069.0,2709.7000000000003
13285.0,2709.12
13654.0,2707.33
14107.0,2703.23
14732.0,2702.4900000000002
18097.0,2697.8
17386.0,2686.42
12395.0,2682.63
17346.0,2676.56
13883.0,2674.48
14713.0,2666.36
14439.0,2661.24
15671.0,2657.13
13851.0,2651.46
16618.0,2647.59
18260.0,2643.2000000000003
13658.0,2639.17
17655.0,2638.94
15752.0,2637.38
13804.0,2635.79
13771.0,2634.45
18077.0,2633.0099999999998
13422.0,2626.3
13644.0,2624.26
17965.0,2622.57
18210.0,2621.38
16255.0,2619.91
12408.0,2618.55
14262.0,2618.23
13021.0,2616.38
15782.0,2614.7400000000002
14397.0,2612.96
12836.0,2612.86
18075.0,2611.75
16241.0,2607.87
13136.0,2607.61
14408.0,2606.53
13983.0,2603.43
17317.0,2600.34
17402.0,2598.85
16919.0,2596.45
12473.0,2596.23
13895.0,2593.07
14243.0,2588.77
15033.0,2583.37
12456.0,2581.04
13911.0,2580.91
14546.0,2578.09
16912.0,2575.38
12685.0,2575.08
15485.0,2575.0
18245.0,2567.06
16308.0,2560.0
15572.0,2552.86
14334.0,2552.21
14701.0,2549.37
14676.0,2548.2400000000002
13344.0,2543.72
14776.0,2538.3
17700.0,2534.64
13471.0,2531.58
14659.0,2529.93
17314.0,2527.92
13975.0,2526.28
13394.0,2520.02
17449.0,2517.86
15245.0,2515.84
15271.0,2507.07
13695.0,2504.13
15932.0,2495.87
16477.0,2494.46
12356.0,2487.43
12913.0,2483.63
16710.0,2483.04
14315.0,2481.13
13507.0,2479.16
13588.0,2478.95
17682.0,2474.33
17188.0,2474.23
14766.0,2473.37
14502.0,2467.63
17164.0,2467.35
12438.0,2466.85
15750.0,2465.48
17131.0,2463.17
13784.0,2462.79
14163.0,2445.91
12708.0,2442.91
15527.0,2429.78
17071.0,2429.03
12380.0,2427.81
13949.0,2427.32
16143.0,2424.94
17722.0,2424.04
15089.0,2420.84
15373.0,2415.91
12625.0,2413.82
12726.0,2411.1
17589.0,2402.92
12578.0,2402.51
15980.0,2398.86
18065.0,2392.83
17444.0,2389.1
13141.0,2388.75
12721.0,2386.13
15370.0,2386.05
14493.0,2383.2400000000002
14554.0,2381.04
14239.0,2380.85
17530.0,2380.41
15270.0,2379.49
13722.0,2375.41
17434.0,2373.82
14930.0,2372.86
15755.0,2364.25
17634.0,2361.9700000000003
14030.0,2360.09
14440.0,2357.6800000000003
15140.0,2354.25
14309.0,2352.53
12520.0,2346.2599999999998
12455.0,2339.86
18259.0,2338.6000000000004
18257.0,2337.63
17954.0,2332.72
15281.0,2332.15
15785.0,2328.9700000000003
17313.0,2328.84
12517.0,2322.84
17744.0,2322.4
13908.0,2319.55
17211.0,2317.2200000000003
14290.0,2314.65
15365.0,2314.32
13994.0,2313.14
12600.0,2311.04
13704.0,2308.06
15288.0,2306.52
12360.0,2302.06
16735.0,2300.56
16550.0,2298.97
15105.0,2298.93
13115.0,2294.78
15704.0,2293.62
13527.0,2287.51
17696.0,2285.71
16782.0,2279.9
13317.0,2273.68
17768.0,2273.1800000000003
14466.0,2272.4
13700.0,2265.12
16057.0,2263.12
16209.0,2262.62
14432.0,2255.51
12584.0,2254.15
16293.0,2248.9900000000002
17442.0,2248.56
15235.0,2247.51
15665.0,2242.01
14211.0,2241.1
17940.0,2238.58
16743.0,2238.09
14560.0,2237.77
14700.0,2235.3
16771.0,2234.81
16076.0,2234.73
18242.0,2232.4900000000002
14226.0,2232.19
15834.0,2231.25
14825.0,2226.91
17591.0,2225.9700000000003
13365.0,2225.37
15722.0,2222.56
15811.0,2218.62
12397.0,2214.9
12653.0,2209.85
13862.0,2209.36
15179.0,2206.95
13831.0,2202.99
17406.0,2200.42
15123.0,2199.31
15797.0,2192.4
16628.0,2188.05
15394.0,2183.54
14341.0,2182.28
12856.0,2179.93
12909.0,2178.67
13755.0,2161.35
12935.0,2160.7
16456.0,2158.37
16379.0,2157.4
16966.0,2154.97
13224.0,2152.95
17272.0,2148.63
14407.0,2142.73
14828.0,2139.76
17400.0,2129.96
13517.0,2128.42
14360.0,2128.23
16407.0,2126.93
14640.0,2125.08
15058.0,2124.9900000000002
13632.0,2121.27
18061.0,2119.41
18008.0,2116.19
14691.0,2114.33
15674.0,2111.89
13265.0,2107.66
18173.0,2106.84
18093.0,2106.52
14461.0,2102.67
14515.0,2102.09
17861.0,2100.8
15815.0,2100.6
13126.0,2099.64
16875.0,2095.53
17191.0,2095.13
14306.0,2093.32
12615.0,2093.19
17490.0,2092.32
13571.0,2092.32
13297.0,2089.85
18283.0,2088.93
18044.0,2088.6
14810.0,2087.88
16954.0,2085.08
18231.0,2083.27
14696.0,2078.95
12684.0,2073.63
14209.0,2073.43
18241.0,2073.09
18219.0,2069.77
14482.0,2068.15
12948.0,2064.95
12928.0,2062.7000000000003
16281.0,2062.06
14409.0,2059.4500000000003
17667.0,2055.51
14188.0,2054.36
16150.0,2053.02
12876.0,2053.02
17086.0,2050.08
17612.0,2048.45
14232.0,2048.07
17625.0,2047.0
13495.0,2044.8700000000001
17597.0,2044.3700000000001
17090.0,2043.95
13450.0,2043.7199999999998
12457.0,2043.23
14001.0,2043.0800000000002
13593.0,2037.0800000000002
18069.0,2036.67
13630.0,2031.78
16409.0,2028.88
16358.0,2027.5
17337.0,2026.42
12501.0,2025.39
14544.0,2024.45
15341.0,2020.52
14506.0,2012.17
15531.0,2007.44
15372.0,2007.3999999999999
16098.0,2005.63
14730.0,2005.06
14217.0,2004.98
17082.0,2003.85
16754.0,2002.4
15493.0,2001.8
18188.0,2001.04
13305.0,2000.86
14462.0,1999.02
16698.0,1998.0
17827.0,1995.46
18204.0,1993.7
17679.0,1992.1100000000001
17088.0,1991.01
13246.0,1987.3
13590.0,1981.92
13725.0,1980.56
17422.0,1979.37
16341.0,1971.87
17997.0,1970.6699999999998
17790.0,1965.55
17218.0,1960.72
15351.0,1960.1100000000001
14498.0,1957.32
12853.0,1957.1000000000001
17554.0,1952.45
14533.0,1949.72
15814.0,1945.33
15518.0,1942.45
12782.0,1938.92
14653.0,1937.6
14418.0,1937.25
14472.0,1936.84
15864.0,1936.3200000000002
15157.0,1936.07
14655.0,1932.23
14978.0,1931.42
16983.0,1931.25
12633.0,1929.98
13094.0,1927.3200000000002
16942.0,1920.59
12560.0,1918.01
15021.0,1914.82
17368.0,1912.67
12483.0,1910.98
14285.0,1910.01
16426.0,1908.25
17228.0,1906.09
14210.0,1905.8400000000001
15819.0,1905.45
14250.0,1904.05
17463.0,1896.41
17870.0,1894.35
14934.0,1890.94
15641.0,1887.2
16170.0,1885.05
13890.0,1883.8100000000002
16128.0,1880.22
17738.0,1879.05
15367.0,1877.59
17293.0,1875.1100000000001
16986.0,1873.2
13982.0,1871.81
16474.0,1871.3400000000001
17469.0,1870.97
16841.0,1869.82
14524.0,1867.68
17787.0,1865.19
16201.0,1863.47
14887.0,1862.0
14305.0,1858.96
12963.0,1856.63
16979.0,1852.0
12674.0,1844.6
17519.0,1844.02
18180.0,1843.75
12950.0,1843.0
17015.0,1842.56
16102.0,1842.14
16455.0,1841.18
12518.0,1840.89
13421.0,1840.58
14113.0,1840.42
14216.0,1839.3
13924.0,1838.8500000000001
14459.0,1837.92
18287.0,1837.28
13650.0,1836.34
15827.0,1836.0900000000001
13048.0,1835.91
14665.0,1835.7
16152.0,1829.04
15203.0,1827.8
18122.0,1824.99
17702.0,1824.37
16153.0,1824.23
12585.0,1824.1
17705.0,1823.52
16169.0,1822.97
17629.0,1814.12
15260.0,1810.77
13481.0,1804.56
17663.0,1802.91
15812.0,1801.14
16249.0,1800.07
13562.0,1799.33
13196.0,1797.78
17648.0,1797.5
18235.0,1796.48
13134.0,1793.58
18179.0,1793.17
13510.0,1791.56
16719.0,1790.42
14215.0,1789.72
14621.0,1788.3600000000001
13875.0,1786.79
14608.0,1785.15
14935.0,1784.71
15050.0,1782.09
17750.0,1781.28
16380.0,1780.59
15220.0,1778.96
17092.0,1777.78
17754.0,1772.26
15594.0,1771.78
15473.0,1771.2
17813.0,1770.8799999999999
14387.0,1770.56
16681.0,1770.34
13456.0,1766.72
15950.0,1765.51
16751.0,1764.72
12424.0,1760.96
12823.0,1759.5
15241.0,1756.44
16359.0,1750.92
13808.0,1747.66
12610.0,1747.54
15067.0,1744.76
13157.0,1741.22
12704.0,1740.84
14595.0,1740.6
17930.0,1740.48
17353.0,1740.0
17457.0,1737.7
14673.0,1736.4
17043.0,1735.18
17873.0,1729.7800000000002
17451.0,1721.4
14834.0,1720.3
15267.0,1717.36
17162.0,1715.46
13763.0,1714.96
17147.0,1714.59
14441.0,1712.89
16791.0,1709.03
15947.0,1708.24
16902.0,1706.88
15240.0,1706.57
16398.0,1705.8
17282.0,1703.41
12762.0,1702.52
12843.0,1702.26
16007.0,1701.94
13184.0,1700.29
12523.0,1699.77
17193.0,1699.3000000000002
13824.0,1698.94
16775.0,1695.66
12764.0,1693.88
14245.0,1693.45
16813.0,1692.98
16671.0,1692.27
15380.0,1690.2600000000002
15549.0,1689.51
17152.0,1689.5
13162.0,1688.29
13577.0,1687.6000000000001
16638.0,1680.72
13647.0,1678.1200000000001
13149.0,1676.06
17656.0,1674.69
16115.0,1667.97
12912.0,1662.3
13012.0,1661.8400000000001
15214.0,1661.44
15024.0,1661.33
15332.0,1661.06
12967.0,1660.9
14045.0,1659.75
15953.0,1659.3799999999999
15826.0,1654.31
14573.0,1653.42
17284.0,1652.58
16711.0,1651.03
14837.0,1649.5
13750.0,1647.26
12528.0,1645.48
15002.0,1641.76
13627.0,1638.47
12423.0,1634.31
15122.0,1633.78
14164.0,1631.77
12645.0,1631.18
17673.0,1629.12
12383.0,1628.56
16515.0,1627.13
14759.0,1625.97
16987.0,1625.05
13425.0,1624.21
15172.0,1624.05
14937.0,1621.88
17101.0,1621.73
16801.0,1619.73
18161.0,1618.69
14336.0,1614.91
16992.0,1614.31
15791.0,1612.69
14312.0,1611.59
13614.0,1610.46
14918.0,1610.15
12868.0,1607.0600000000002
16817.0,1604.75
12947.0,1603.99
16466.0,1603.46
14719.0,1602.13
14587.0,1601.14
14178.0,1600.93
15660.0,1600.86
16496.0,1599.52
13850.0,1595.48
16332.0,1593.2
16676.0,1592.1200000000001
14970.0,1592.06
18178.0,1590.81
14442.0,1589.82
17837.0,1587.48
12393.0,1582.6000000000001
12607.0,1579.51
13814.0,1579.12
16889.0,1578.67
13186.0,1575.89
13634.0,1575.16
13659.0,1573.2
17671.0,1572.71
15532.0,1571.03
15611.0,1570.45
16283.0,1569.11
12865.0,1568.23
15906.0,1567.69
15111.0,1567.48
17085.0,1566.65
17204.0,1564.56
18239.0,1561.6100000000001
14038.0,1560.38
16394.0,1555.34
13313.0,1555.32
15620.0,1553.18
15117.0,1551.78
16369.0,1551.58
13320.0,1548.7
12377.0,1548.12
14229.0,1547.2
16790.0,1545.6200000000001
13397.0,1544.13
15701.0,1542.14
16365.0,1540.42
17159.0,1538.88
13849.0,1537.95
12877.0,1535.77
15392.0,1535.53
15625.0,1534.26
13107.0,1531.6200000000001
14321.0,1530.75
14567.0,1530.3600000000001
15916.0,1528.09
12371.0,1527.96
16244.0,1522.75
16434.0,1522.25
16066.0,1521.87
13213.0,1520.58
16880.0,1519.08
13764.0,1518.76
14267.0,1516.24
13791.0,1516.0
16748.0,1515.9
14704.0,1514.57
16053.0,1511.95
16910.0,1510.06
16279.0,1509.58
12635.0,1509.18
16016.0,1508.76
12407.0,1507.1200000000001
15265.0,1506.1200000000001
12937.0,1504.27
15530.0,1502.35
16762.0,1501.38
12530.0,1500.28
17571.0,1497.26
14414.0,1496.98
16755.0,1496.83
17002.0,1493.73
15057.0,1489.5
13110.0,1488.67
13692.0,1488.32
14963.0,1487.8
17553.0,1487.6
16395.0,1486.9
14878.0,1485.54
14758.0,1484.06
18016.0,1483.56
15427.0,1483.14
17590.0,1477.97
14403.0,1475.81
15983.0,1475.02
12381.0,1474.81
12826.0,1474.72
14404.0,1474.32
14246.0,1474.06
15128.0,1471.0
16348.0,1467.11
14875.0,1465.3200000000002
12882.0,1463.04
14233.0,1462.72
14541.0,1461.65
17063.0,1461.14
16059.0,1459.8600000000001
12349.0,1457.55
16996.0,1456.96
13309.0,1456.79
13477.0,1454.58
15987.0,1451.28
14740.0,1448.21
15426.0,1447.39
14591.0,1447.14
13717.0,1445.01
13461.0,1445.0
17073.0,1444.84
17175.0,1443.69
15478.0,1441.42
15858.0,1438.85
13159.0,1437.85
12348.0,1437.24
12398.0,1435.66
14566.0,1432.0
16503.0,1431.93
13475.0,1431.78
16103.0,1429.64
14035.0,1428.02
12669.0,1427.73
12657.0,1427.18
15681.0,1426.16
14071.0,1424.0
15106.0,1422.52
16463.0,1422.4
16571.0,1421.69
14019.0,1421.61
14901.0,1421.29
14443.0,1420.2
17288.0,1419.73
16173.0,1418.32
15444.0,1418.26
17856.0,1418.03
14649.0,1417.29
14748.0,1415.75
16012.0,1415.29
18116.0,1414.43
16271.0,1414.24
16245.0,1413.66
17004.0,1412.94
15237.0,1412.32
12759.0,1411.44
15596.0,1406.59
17083.0,1405.78
14741.0,1400.34
18202.0,1396.99
13995.0,1393.69
17354.0,1393.06
15810.0,1391.98
15051.0,1391.61
13414.0,1390.5
12405.0,1390.39
13516.0,1389.41
15898.0,1388.88
16539.0,1388.81
15453.0,1388.37
15134.0,1387.99
12952.0,1387.79
17676.0,1387.68
12352.0,1385.74
13308.0,1385.51
18167.0,1384.8600000000001
17311.0,1384.85
13572.0,1384.25
14507.0,1383.18
14116.0,1382.74
16389.0,1382.07
16726.0,1382.02
17621.0,1379.9
12886.0,1378.4
15569.0,1375.71
14434.0,1372.8
15095.0,1370.6
16669.0,1370.47
14897.0,1366.38
15563.0,1361.44
13396.0,1360.99
14102.0,1360.28
15411.0,1358.88
13232.0,1357.0
17054.0,1356.33
14859.0,1353.74
14064.0,1353.74
15116.0,1352.75
16079.0,1352.0
16493.0,1351.63
12770.0,1351.45
12646.0,1346.97
14154.0,1345.62
15398.0,1345.53
17372.0,1342.68
16317.0,1341.65
13743.0,1341.6
18177.0,1341.42
16045.0,1340.7
13501.0,1340.32
15734.0,1339.45
15059.0,1337.72
16110.0,1337.48
12919.0,1335.19
15680.0,1333.68
17932.0,1331.57
16295.0,1328.55
15146.0,1327.16
17633.0,1324.84
12854.0,1324.5
17095.0,1324.16
16370.0,1320.56
14794.0,1319.91
13168.0,1319.19
16083.0,1317.62
14921.0,1316.07
12576.0,1315.83
14511.0,1314.81
16464.0,1314.68
14738.0,1314.45
14973.0,1314.45
16040.0,1313.55
14856.0,1311.3799999999999
14477.0,1309.6
16120.0,1309.14
14047.0,1308.6100000000001
13328.0,1308.48
14297.0,1305.33
16744.0,1304.76
17919.0,1304.04
15813.0,1303.9099999999999
14898.0,1303.52
12620.0,1303.41
15494.0,1299.23
15602.0,1297.8700000000001
17961.0,1296.44
12783.0,1295.87
16929.0,1295.39
16224.0,1295.3
15621.0,1293.03
16101.0,1290.7
15171.0,1289.5
15136.0,1286.7
16949.0,1286.27
17350.0,1286.07
17802.0,1285.04
16899.0,1281.56
13878.0,1281.53
12775.0,1281.04
13538.0,1280.85
16951.0,1277.75
17019.0,1272.61
14669.0,1269.99
13492.0,1269.84
13431.0,1269.1
14916.0,1268.98
15199.0,1268.7
16660.0,1267.6499999999999
17037.0,1267.32
17158.0,1266.97
14105.0,1266.23
13989.0,1266.08
16842.0,1264.19
15497.0,1262.2
15009.0,1261.78
16688.0,1260.86
17388.0,1259.56
17412.0,1258.06
13151.0,1257.8700000000001
16639.0,1257.51
17481.0,1255.59
13848.0,1255.0
17262.0,1253.3600000000001
14698.0,1250.76
14383.0,1247.69
13029.0,1247.5
15004.0,1245.93
13860.0,1245.9
14428.0,1244.83
12488.0,1244.66
16531.0,1244.59
17584.0,1242.3
17588.0,1240.2
17731.0,1240.11
12985.0,1239.38
13476.0,1238.47
14893.0,1237.8500000000001
13931.0,1237.53
15201.0,1236.54
14684.0,1236.28
15376.0,1233.3600000000001
15910.0,1232.18
18080.0,1231.5
18171.0,1231.31
14913.0,1227.43
12997.0,1226.89
17774.0,1225.41
15841.0,1224.06
16794.0,1220.69
14745.0,1220.26
15227.0,1219.4
13491.0,1215.82
17410.0,1214.72
13055.0,1214.41
18263.0,1213.1599999999999
13918.0,1212.8400000000001
16653.0,1212.66
12364.0,1208.1
17653.0,1207.56
15737.0,1205.1200000000001
16800.0,1201.49
13158.0,1201.06
12463.0,1200.78
17320.0,1200.6200000000001
13208.0,1199.42
13564.0,1198.38
15605.0,1198.23
17800.0,1198.01
13118.0,1197.81
13211.0,1197.42
16042.0,1197.27
17867.0,1197.1000000000001
14487.0,1196.33
12372.0,1196.04
17720.0,1195.94
17526.0,1195.8999999999999
15145.0,1194.73
12611.0,1193.32
13882.0,1191.13
16612.0,1187.66
15630.0,1186.35
13752.0,1186.28
12516.0,1186.06
12818.0,1182.0800000000002
17058.0,1179.89
16950.0,1178.56
12885.0,1175.22
15306.0,1174.35
14857.0,1173.12
12526.0,1172.66
13611.0,1171.8
18168.0,1169.94
13813.0,1168.8600000000001
13500.0,1166.77
17828.0,1165.09
14737.0,1164.55
14261.0,1163.45
14447.0,1163.23
15088.0,1160.07
17348.0,1159.52
15108.0,1159.25
13499.0,1159.11
16184.0,1158.79
14723.0,1156.6
13744.0,1156.36
16637.0,1154.47
16062.0,1153.62
16714.0,1146.53
17505.0,1145.84
16766.0,1145.6
12769.0,1143.6
17770.0,1143.27
18125.0,1142.99
12412.0,1142.88
15985.0,1142.42
16270.0,1141.24
13330.0,1140.93
13819.0,1140.35
16172.0,1140.21
17135.0,1139.73
12689.0,1139.61
17500.0,1138.0
17302.0,1135.63
17242.0,1135.04
15489.0,1134.28
16989.0,1133.25
17585.0,1133.07
13282.0,1132.14
13772.0,1132.13
13310.0,1132.03
13610.0,1131.88
15500.0,1131.56
13447.0,1129.14
14824.0,1127.71
14708.0,1126.37
16692.0,1126.0
17470.0,1125.07
14129.0,1123.8600000000001
15436.0,1122.53
13486.0,1122.41
17562.0,1122.38
16807.0,1121.59
16086.0,1121.39
15730.0,1120.88
14276.0,1119.74
13064.0,1119.49
17894.0,1119.39
12842.0,1118.99
15716.0,1118.81
13591.0,1117.13
14971.0,1116.57
16350.0,1116.47
17788.0,1112.95
16049.0,1111.79
14161.0,1110.52
15069.0,1109.53
15933.0,1107.46
16833.0,1106.53
12857.0,1106.4
17609.0,1104.72
14410.0,1104.07
14948.0,1101.97
17047.0,1100.9
14744.0,1099.98
15978.0,1098.78
13104.0,1098.48
17966.0,1098.43
16225.0,1096.32
16533.0,1095.56
13652.0,1095.08
15745.0,1094.59
15608.0,1093.68
13521.0,1092.39
12676.0,1091.39
18189.0,1090.24
13853.0,1090.14
15763.0,1086.92
12494.0,1084.1000000000001
13467.0,1083.71
17041.0,1081.57
14561.0,1080.76
16200.0,1080.6200000000001
12394.0,1080.48
13726.0,1079.6599999999999
15197.0,1079.6100000000001
12354.0,1079.4
13715.0,1079.34
16980.0,1078.96
14352.0,1078.96
16094.0,1078.23
16563.0,1077.74
13131.0,1073.3
15712.0,1072.3600000000001
15238.0,1071.99
13635.0,1071.03
13761.0,1070.65
14212.0,1070.48
17214.0,1069.1200000000001
16918.0,1068.82
17522.0,1066.15
15027.0,1066.1499999999999
17277.0,1065.3500000000001
14488.0,1064.28
17287.0,1064.11
12951.0,1064.07
15801.0,1063.95
12936.0,1063.9
14411.0,1063.0
16214.0,1062.75
15996.0,1060.68
15706.0,1060.56
17727.0,1060.25
18130.0,1059.39
14465.0,1058.6200000000001
13455.0,1058.34
14419.0,1058.06
15407.0,1056.44
14514.0,1055.35
15977.0,1054.73
16728.0,1054.67
12507.0,1052.81
14583.0,1052.55
16416.0,1051.4
14224.0,1050.12
15329.0,1049.7
14078.0,1049.37
15464.0,1048.85
15839.0,1048.49
15777.0,1047.11
16520.0,1046.57
14293.0,1046.56
17042.0,1044.3799999999999
15192.0,1044.32
14389.0,1043.46
15073.0,1043.41
14584.0,1042.26
13719.0,1041.68
18221.0,1041.61
15434.0,1041.48
16320.0,1038.46
16175.0,1037.59
16260.0,1035.45
14446.0,1034.78
12399.0,1033.65
13639.0,1033.34
12849.0,1033.25
17724.0,1033.0
17405.0,1031.41
13235.0,1031.07
12630.0,1030.88
13253.0,1030.4
17033.0,1030.14
15333.0,1028.56
16682.0,1028.0
15104.0,1027.44
13956.0,1026.42
14904.0,1025.44
16160.0,1025.44
15658.0,1024.1000000000001
12710.0,1023.02
17096.0,1022.13
14346.0,1021.58
12546.0,1021.5
13165.0,1021.48
18142.0,1019.52
12828.0,1018.71
14083.0,1018.43
12514.0,1017.68
13728.0,1016.14
13867.0,1015.29
17197.0,1013.01
14195.0,1012.0
14775.0,1011.9
16229.0,1010.6
14817.0,1010.34
13032.0,1010.18
16572.0,1009.6
16174.0,1009.5500000000001
17951.0,1008.5400000000001
17646.0,1008.39
14631.0,1006.98
13429.0,1006.8
17126.0,1004.75
14214.0,1004.38
13410.0,1003.06
12446.0,1002.3100000000001
15508.0,1000.27
18143.0,1000.16
14540.0,996.26
15110.0,996.1
12640.0,994.58
17594.0,993.18
16009.0,992.71
14223.0,991.13
16232.0,990.88
17324.0,990.23
15062.0,987.86
18237.0,987.1
16376.0,987.01
13117.0,984.91
17144.0,984.57
15133.0,982.42
14138.0,982.3800000000001
15071.0,982.07
16188.0,981.86
16907.0,981.65
16085.0,981.51
12534.0,981.18
18170.0,980.31
12722.0,979.63
15506.0,979.26
15132.0,977.9300000000001
14920.0,977.77
15860.0,977.21
12739.0,975.54
13026.0,975.36
14522.0,974.54
15449.0,974.52
12994.0,974.4200000000001
15747.0,974.04
18194.0,973.8399999999999
16419.0,972.23
13155.0,971.76
17100.0,971.74
17618.0,971.58
14256.0,969.0600000000001
15907.0,966.6
15793.0,965.61
12609.0,964.85
13509.0,964.72
12716.0,963.49
13138.0,962.39
14006.0,962.19
15156.0,961.49
14629.0,959.01
18192.0,957.97
13823.0,957.66
12464.0,957.05
15948.0,955.24
17244.0,954.9
17097.0,954.42
15835.0,954.09
12497.0,953.1
12679.0,951.02
16934.0,950.9300000000001
15421.0,950.36
13636.0,949.12
12822.0,948.88
17044.0,948.48
16511.0,948.26
13748.0,948.25
15787.0,948.05
15707.0,945.58
17289.0,944.41
13261.0,944.1
12820.0,942.34
14075.0,942.26
15576.0,940.6700000000001
15289.0,939.78
17527.0,939.37
17227.0,939.32
12462.0,937.59
16584.0,936.08
14140.0,935.05
16027.0,934.62
14081.0,934.52
16657.0,933.62
13655.0,932.97
14532.0,932.85
18133.0,931.4999999999999
17552.0,930.41
12358.0,928.0600000000001
12691.0,927.8
14475.0,925.85
12924.0,925.75
14231.0,925.71
17048.0,925.35
15312.0,924.85
13805.0,924.6
12724.0,923.41
15654.0,922.53
13122.0,922.39
16551.0,922.12
13934.0,922.1
13035.0,921.88
13984.0,920.51
17018.0,920.1
13075.0,919.61
13549.0,918.2
15253.0,918.1999999999999
17323.0,917.67
14015.0,917.34
14712.0,917.07
17236.0,916.13
14141.0,915.13
16216.0,914.9300000000001
16809.0,914.69
15587.0,913.6800000000001
12940.0,913.54
15364.0,913.19
12572.0,912.42
14359.0,912.18
13782.0,912.0
13192.0,911.94
14289.0,911.26
18096.0,911.15
13689.0,910.0
15511.0,909.23
13038.0,908.46
14449.0,907.1
15480.0,905.5
12642.0,905.26
15022.0,905.04
15807.0,903.9
17566.0,901.21
16716.0,901.2
17848.0,901.1999999999999
14625.0,899.63
17886.0,899.61
13662.0,897.76
17537.0,897.62
16361.0,896.66
15079.0,895.61
15865.0,895.13
15211.0,894.4100000000001
15066.0,893.59
13363.0,892.5
13515.0,891.12
15255.0,890.85
14240.0,890.34
17027.0,890.29
17007.0,889.9300000000001
14344.0,889.9300000000001
17829.0,889.24
12599.0,888.58
16347.0,887.65
15822.0,885.47
17704.0,885.19
17109.0,885.04
14623.0,884.57
15799.0,884.14
14597.0,883.15
18236.0,882.24
16900.0,882.16
13037.0,881.07
15076.0,880.85
13350.0,879.12
15653.0,877.4399999999999
14770.0,876.42
15100.0,876.0
13566.0,874.71
16513.0,874.59
13294.0,873.74
12847.0,871.54
15208.0,870.12
13200.0,870.09
13979.0,869.87
13376.0,869.76
13203.0,869.46
17649.0,868.49
14912.0,867.85
14715.0,867.38
16121.0,867.11
14332.0,866.31
16567.0,865.6
13846.0,865.0600000000001
16221.0,864.86
14931.0,864.6800000000001
12815.0,863.46
16266.0,861.89
12794.0,860.41
13339.0,860.12
14577.0,859.71
17064.0,859.35
14553.0,859.27
16235.0,857.31
16163.0,856.6
16037.0,855.02
12878.0,854.99
13991.0,854.97
17560.0,854.95
16877.0,853.72
14193.0,853.39
16070.0,852.15
16020.0,851.01
14657.0,848.22
16924.0,846.75
16222.0,846.72
15965.0,845.64
14803.0,845.55
13221.0,844.86
17624.0,843.48
15164.0,843.05
17929.0,843.0
13929.0,842.65
16108.0,842.5
16560.0,841.41
14862.0,841.1999999999999
12541.0,841.18
17076.0,841.0799999999999
13940.0,839.14
17115.0,837.5
16554.0,837.1
15832.0,836.79
16747.0,836.06
17169.0,835.78
13835.0,834.57
17075.0,834.12
16644.0,833.78
17759.0,833.74
15862.0,832.88
12545.0,832.39
12717.0,830.98
14644.0,830.76
13681.0,827.83
13810.0,827.51
16494.0,826.53
17921.0,826.52
16869.0,825.42
12550.0,824.83
16284.0,823.97
15525.0,823.42
16164.0,822.48
13893.0,821.1
13220.0,819.2900000000001
17764.0,818.8199999999999
16092.0,817.86
16943.0,816.73
15649.0,816.0
15399.0,815.77
14499.0,815.32
13280.0,814.86
16460.0,814.72
12510.0,814.5699999999999
18064.0,814.0
16600.0,813.52
16621.0,813.48
14421.0,813.11
15644.0,813.0
17980.0,811.45
16276.0,810.6000000000001
16624.0,810.5699999999999
16891.0,809.7
13637.0,809.25
17114.0,808.62
15533.0,807.57
15952.0,806.57
13707.0,806.41
12434.0,806.14
16367.0,804.49
18248.0,804.02
15831.0,801.76
18265.0,801.51
15561.0,800.59
17905.0,800.24
13720.0,799.9
13030.0,799.48
17703.0,798.74
16438.0,798.35
13389.0,797.96
17180.0,796.03
13336.0,795.12
12713.0,794.55
12652.0,793.98
15990.0,792.11
12680.0,790.81
13016.0,789.89
16759.0,789.79
13329.0,789.0
14557.0,788.38
13212.0,788.08
13323.0,787.85
13884.0,787.6
12458.0,787.4
16546.0,787.15
12781.0,786.74
13109.0,786.54
15806.0,784.58
15743.0,784.46
18136.0,784.33
17387.0,784.11
16054.0,783.9
17006.0,781.78
17341.0,781.36
15679.0,781.28
13583.0,781.03
15239.0,780.59
17797.0,780.43
18228.0,779.9
16725.0,779.57
13167.0,779.33
17411.0,778.94
13375.0,778.65
14815.0,778.5
17414.0,778.0
16505.0,777.6
13563.0,777.53
12379.0,777.24
12425.0,777.2
15353.0,777.02
15618.0,776.851
13314.0,775.94
13341.0,775.85
16806.0,775.54
14234.0,775.46
16825.0,775.1800000000001
15414.0,774.9000000000001
14976.0,774.86
16043.0,773.99
15075.0,773.03
12965.0,771.91
17409.0,771.85
14662.0,771.17
16770.0,770.1
14412.0,770.03
16480.0,769.29
13356.0,768.24
17516.0,768.08
14550.0,765.62
14672.0,765.55
17695.0,765.34
14885.0,765.3199999999999
17268.0,763.64
17466.0,763.28
16470.0,762.39
15599.0,761.74
12694.0,761.67
14883.0,761.59
17425.0,759.17
16036.0,758.92
15568.0,758.29
12697.0,757.59
17461.0,757.46
15223.0,755.75
13370.0,754.87
16205.0,754.78
18104.0,754.64
17979.0,754.31
13730.0,752.6
12772.0,752.47
16256.0,752.4300000000001
12908.0,750.0
17146.0,749.78
14923.0,749.1
15074.0,748.87
15656.0,748.5
16859.0,747.81
13623.0,747.78
14201.0,747.44
16261.0,746.83
14050.0,746.36
17034.0,745.52
14790.0,745.06
13950.0,745.06
13236.0,744.85
13354.0,743.53
16730.0,743.11
13753.0,741.26
13900.0,740.95
17974.0,740.79
15252.0,740.78
14756.0,738.96
12976.0,738.6
15045.0,735.66
18156.0,734.94
15215.0,734.94
16362.0,734.77
16146.0,734.13
12628.0,732.46
17812.0,732.16
13575.0,732.0699999999999
16099.0,731.9
13736.0,731.9
16491.0,731.5
14778.0,730.86
18035.0,730.4
13077.0,729.27
12728.0,728.33
17666.0,728.16
17888.0,726.05
12701.0,725.71
14869.0,725.7
14055.0,725.6400000000001
17692.0,725.5799999999999
16140.0,725.18
15584.0,725.11
15636.0,724.76
17521.0,723.2099999999999
15272.0,721.94
15581.0,721.63
18062.0,720.52
16023.0,719.81
14179.0,719.78
14725.0,718.08
17884.0,717.45
15274.0,716.57
12535.0,716.35
15400.0,716.2
17029.0,716.0
15330.0,714.96
15757.0,714.42
13169.0,712.88
13147.0,712.8000000000001
17761.0,712.78
13416.0,712.5
13587.0,712.4
17642.0,712.29
15855.0,712.24
12693.0,711.91
13705.0,711.86
17179.0,711.79
13249.0,711.41
17472.0,710.29
14867.0,710.28
14127.0,709.71
16136.0,709.38
15951.0,708.22
16449.0,707.69
12453.0,707.09
12723.0,707.07
16364.0,707.04
16309.0,706.57
14880.0,706.19
14126.0,706.1300000000001
15038.0,705.49
16882.0,705.12
16015.0,705.1
17934.0,704.25
12883.0,703.47
18082.0,703.37
15103.0,703.36
15574.0,702.25
16997.0,702.0
14198.0,701.4
14356.0,701.23
17321.0,700.86
13238.0,700.73
17734.0,700.63
12427.0,699.8
15800.0,699.08
13258.0,698.58
17423.0,698.41
17796.0,697.9
15053.0,697.79
14829.0,697.55
13596.0,697.04
15700.0,696.68
17397.0,696.41
14009.0,695.61
14959.0,695.42
15304.0,694.4000000000001
12925.0,694.05
14643.0,693.8100000000001
13601.0,693.32
12778.0,693.23
14111.0,692.85
17198.0,692.22
17733.0,692.19
13838.0,691.73
16212.0,690.34
18085.0,689.95
12735.0,689.5699999999999
15181.0,689.4799999999999
18196.0,689.13
17502.0,689.1
13799.0,688.86
16642.0,688.33
12413.0,686.1
16122.0,684.4200000000001
16495.0,684.41
15669.0,684.34
12942.0,683.9
12422.0,683.5600000000001
17874.0,683.46
14222.0,683.17
12838.0,683.13
15582.0,682.9100000000001
13548.0,682.41
12465.0,682.1899999999999
18135.0,681.9100000000001
13524.0,680.1800000000001
16872.0,680.02
15322.0,679.68
13430.0,679.45
14788.0,679.4399999999999
17994.0,678.49
13925.0,678.25
13607.0,678.01
13388.0,677.1
13040.0,676.99
16377.0,676.2
15626.0,675.8
17462.0,675.69
13325.0,675.3
16418.0,675.27
13355.0,674.7
13464.0,674.68
17749.0,674.52
13951.0,674.45
14504.0,673.26
18121.0,673.1
14628.0,671.96
17883.0,671.77
12475.0,669.38
17299.0,669.11
12418.0,668.58
14342.0,668.5600000000001
13741.0,668.4300000000001
16383.0,668.36
15031.0,668.14
18022.0,668.11
12612.0,668.0400000000001
15969.0,666.1
17777.0,665.86
17105.0,665.78
16056.0,664.85
13963.0,664.54
16208.0,664.26
15643.0,664.0
14720.0,663.81
16573.0,663.61
14451.0,662.59
16014.0,662.38
18218.0,662.08
16774.0,661.52
13028.0,661.3199999999999
14603.0,660.0
15492.0,659.4599999999999
13518.0,659.4399999999999
13759.0,659.4100000000001
16357.0,658.88
14150.0,658.64
17779.0,658.57
16696.0,657.9000000000001
14818.0,657.8
12468.0,657.54
15648.0,657.35
17459.0,657.3
15677.0,657.23
16157.0,656.69
13049.0,656.6800000000001
16708.0,656.63
16127.0,656.25
14894.0,655.75
16444.0,654.67
14651.0,654.6
12577.0,653.85
17398.0,653.38
18151.0,653.35
13496.0,653.33
15205.0,653.24
14044.0,652.82
14548.0,652.8
17523.0,652.74
14034.0,651.8199999999999
16734.0,650.51
15571.0,650.4300000000001
16469.0,650.43
16969.0,650.41
13240.0,648.7
17373.0,646.92
15651.0,646.3
17545.0,645.96
14855.0,645.65
17312.0,644.3
16431.0,642.81
14020.0,642.8
13034.0,642.77
15384.0,642.41
17046.0,642.02
15297.0,641.94
12616.0,641.3
13417.0,640.83
13318.0,640.76
14301.0,640.14
15919.0,639.89
12421.0,639.04
17515.0,639.02
18160.0,638.0600000000001
14754.0,638.05
14664.0,637.89
14128.0,637.5
14481.0,636.51
15829.0,636.14
15773.0,635.6800000000001
14000.0,635.66
16139.0,635.41
17985.0,634.95
13892.0,632.97
14220.0,632.4
16306.0,632.27
18183.0,632.07
12658.0,632.05
13822.0,632.0
14021.0,631.9
15244.0,631.57
13539.0,631.34
17990.0,630.84
13046.0,629.31
13525.0,628.78
14687.0,628.38
16022.0,628.28
15028.0,627.13
13546.0,626.99
12461.0,626.88
14036.0,626.65
13914.0,626.45
15402.0,626.35
14382.0,626.0699999999999
16750.0,623.93
16718.0,623.75
15147.0,623.5
15258.0,623.16
12374.0,622.93
17499.0,622.88
15182.0,622.85
17460.0,622.4300000000001
15768.0,621.8299999999999
18217.0,621.75
16915.0,621.6800000000001
17640.0,621.66
14152.0,621.29
13402.0,621.23
16141.0,620.4
14529.0,620.04
16613.0,618.59
13145.0,618.52
16134.0,618.09
14593.0,617.99
16268.0,617.65
14377.0,617.05
16442.0,616.79
16311.0,616.26
14905.0,616.15
16005.0,615.39
15275.0,615.14
16566.0,614.66
12603.0,613.1999999999999
16116.0,612.78
18149.0,612.0799999999999
15232.0,612.06
16109.0,611.88
16763.0,611.85
15645.0,611.59
13731.0,610.59
15795.0,610.01
13357.0,609.95
14636.0,609.85
13933.0,608.7900000000001
12933.0,607.53
17119.0,606.91
14710.0,606.13
17849.0,605.8000000000001
14133.0,605.64
13888.0,605.63
17507.0,605.58
13233.0,605.12
14323.0,605.0600000000001
13558.0,605.06
14675.0,604.75
17664.0,604.64
12944.0,604.51
16732.0,603.75
12556.0,603.71
12707.0,603.42
17259.0,603.37
15366.0,602.51
17890.0,602.09
14609.0,601.56
16654.0,601.27
12420.0,600.39
13301.0,600.19
18211.0,600.07
13243.0,600.07
12872.0,599.97
13023.0,599.9
15573.0,599.5
14965.0,599.0
17420.0,598.83
14467.0,598.76
15720.0,598.73
13311.0,598.57
13959.0,598.2
16298.0,598.2
14108.0,597.91
17864.0,597.5
14645.0,597.09
15381.0,596.85
18246.0,596.1
16788.0,595.83
17658.0,595.42
14284.0,595.25
16325.0,594.24
15442.0,594.0
12917.0,594.0
16535.0,593.75
18232.0,592.97
16203.0,592.9
14692.0,591.55
13276.0,590.9300000000001
13452.0,590.0
13270.0,590.0
14882.0,589.7
18123.0,589.4399999999999
16723.0,589.15
16838.0,588.85
14338.0,588.22
15624.0,588.13
17351.0,587.15
17014.0,586.33
17360.0,585.79
15222.0,585.0
16384.0,584.5
16072.0,584.3199999999999
14023.0,584.07
13557.0,584.06
15762.0,583.75
13427.0,582.6
17970.0,582.59
12695.0,582.1
18095.0,580.0500000000001
16906.0,579.77
17142.0,579.0
13292.0,578.9399999999999
17540.0,578.9
14176.0,576.9000000000001
16916.0,576.26
15830.0,576.0
15550.0,575.63
16345.0,575.41
13487.0,575.4
14167.0,574.84
14400.0,574.7
12589.0,574.68
12673.0,574.52
15339.0,574.07
15303.0,574.02
13368.0,573.4
12879.0,573.22
12719.0,572.95
15415.0,572.8100000000001
13379.0,572.56
17616.0,571.1999999999999
15821.0,570.96
15315.0,570.5
14592.0,570.46
16667.0,570.13
12649.0,569.51
12624.0,569.13
13939.0,568.55
13321.0,567.36
17897.0,566.6
18150.0,566.58
16278.0,566.38
13894.0,564.62
15344.0,563.94
16933.0,563.23
14753.0,563.15
17265.0,562.9
13946.0,561.5699999999999
15655.0,560.67
13044.0,560.47
14273.0,559.97
16275.0,559.87
18043.0,559.51
14177.0,559.41
17503.0,558.96
12987.0,558.7
13800.0,558.32
12513.0,558.29
13260.0,557.62
13405.0,557.45
17955.0,557.3
17295.0,556.95
16385.0,555.89
14805.0,554.65
14891.0,554.38
14618.0,553.44
15068.0,553.36
12363.0,552.0
17674.0,551.04
17291.0,550.8000000000001
17235.0,550.06
16340.0,549.07
16536.0,548.97
16031.0,548.94
14474.0,547.66
16811.0,547.07
17637.0,547.0600000000001
16211.0,547.02
17520.0,546.81
12743.0,546.43
14997.0,546.1999999999999
17806.0,546.04
12478.0,545.99
12521.0,545.68
16475.0,544.3
13617.0,544.18
13390.0,544.08
16927.0,543.05
13278.0,542.73
16230.0,542.03
17447.0,541.53
17557.0,541.46
13874.0,540.45
14496.0,538.8100000000001
15452.0,538.73
15469.0,538.55
15539.0,538.46
17345.0,537.74
14539.0,537.48
16206.0,537.0600000000001
15043.0,537.0
16804.0,536.99
16233.0,536.6800000000001
15535.0,536.4
16142.0,535.34
12988.0,535.32
13000.0,534.85
13385.0,534.57
13434.0,534.24
17443.0,534.24
13217.0,533.98
17062.0,533.33
12410.0,533.33
15433.0,533.3
15756.0,532.96
15825.0,532.94
16706.0,531.35
14265.0,530.18
18159.0,530.15
12654.0,529.98
14002.0,529.73
14463.0,529.62
16185.0,529.41
17631.0,528.33
16602.0,528.08
17623.0,527.0500000000001
18252.0,526.67
12559.0,525.71
16892.0,525.54
17290.0,525.24
17429.0,524.9200000000001
15467.0,524.88
13721.0,524.14
17329.0,523.11
18017.0,523.0
17712.0,522.91
14871.0,522.38
15891.0,521.97
12863.0,521.2
15149.0,520.8000000000001
13811.0,519.75
14873.0,519.68
12571.0,519.61
13643.0,519.44
16955.0,518.67
16650.0,518.42
12784.0,518.42
15030.0,518.28
16135.0,517.55
17454.0,517.53
18205.0,517.36
13043.0,516.42
15809.0,515.77
15246.0,514.15
15882.0,514.08
13005.0,513.7
17513.0,513.2
17805.0,512.31
17480.0,511.82
12638.0,511.69
14851.0,511.35
16561.0,511.12
12426.0,510.73
15406.0,510.71000000000004
12904.0,509.58
16898.0,508.81
15417.0,508.8
17391.0,508.8
14317.0,508.58000000000004
17958.0,508.4599999999999
17415.0,507.84
14158.0,507.66
14820.0,507.29
15721.0,507.08
13885.0,506.8
16614.0,506.19
14014.0,505.18
16960.0,505.1
12390.0,504.84000000000003
15081.0,504.8
12991.0,503.76
17630.0,503.59999999999997
16863.0,502.8
13865.0,501.56
15881.0,501.39000000000004
13116.0,501.14
13247.0,501.12
16616.0,500.42
15389.0,500.0
14958.0,499.68
13816.0,499.67
14077.0,499.41999999999996
15193.0,499.32
12866.0,499.12
14681.0,498.95
16488.0,498.8
15142.0,498.74
13493.0,498.63
17053.0,498.48
17298.0,498.42
16820.0,497.61
17495.0,497.56
16368.0,497.43
15006.0,497.14
15300.0,496.44
15018.0,496.21000000000004
17374.0,495.77
15448.0,494.64
16352.0,494.44
17333.0,494.25
12763.0,494.08
15877.0,493.28
13176.0,492.84
14270.0,492.65000000000003
15507.0,492.36
13732.0,491.86
14236.0,490.86
15000.0,490.52
14416.0,490.22
18074.0,489.6
17361.0,488.2
14396.0,487.99
15165.0,487.75
16643.0,487.51
12601.0,487.06
13675.0,486.82000000000005
17453.0,486.71999999999997
15287.0,486.69
13153.0,486.22
13812.0,485.0
15109.0,484.95
16999.0,484.82
16504.0,484.38
16518.0,484.32
14130.0,483.86
13531.0,483.8
14147.0,483.4
17555.0,483.26
14450.0,483.25
16603.0,482.47
17950.0,482.2
16693.0,482.01
18216.0,481.75
15091.0,480.71
12631.0,480.5
16812.0,479.35
16008.0,478.78
15589.0,478.53000000000003
16768.0,478.09000000000003
12644.0,477.91
13092.0,477.83
14320.0,477.79
18176.0,476.35
14853.0,475.8
14497.0,475.37
15780.0,475.28000000000003
15349.0,473.81
15557.0,473.65000000000003
12479.0,473.2
14013.0,473.02
16038.0,471.78000000000003
17964.0,471.7
16885.0,471.51
13066.0,470.8
15963.0,470.76
14431.0,470.36
15471.0,469.48
14896.0,468.77000000000004
13171.0,468.41
14335.0,468.26
14029.0,467.66
15468.0,467.51
13579.0,467.04
14205.0,466.7
13248.0,465.68
15036.0,465.55
17140.0,465.32
16374.0,465.08
13928.0,464.57
15026.0,464.2
16586.0,463.95
14967.0,463.8
17418.0,463.46000000000004
14489.0,463.38
12945.0,462.95
14331.0,462.65999999999997
12793.0,461.48
14470.0,461.19
12391.0,460.89
16824.0,460.64
16805.0,460.59
12667.0,460.13
12355.0,459.4
16589.0,459.24
17880.0,458.92
12811.0,458.85
15754.0,458.57
13506.0,458.52
15092.0,457.81
15121.0,457.72
13398.0,457.34
12999.0,455.88
12808.0,455.65000000000003
14513.0,455.59000000000003
15585.0,455.3
16529.0,455.25
13485.0,454.24
15475.0,454.10999999999996
17564.0,454.01
18158.0,453.4
18071.0,453.0
14184.0,452.89
12970.0,452.24
12816.0,452.20000000000005
17392.0,451.91
16574.0,451.44
14173.0,450.84
12596.0,450.27
17040.0,449.73
13489.0,449.52
15739.0,449.12
17579.0,448.90000000000003
14780.0,447.68
15646.0,447.64000000000004
15456.0,447.22
15368.0,446.94000000000005
14149.0,446.62
17370.0,446.18
17190.0,444.74
18006.0,444.68
14638.0,443.6
16404.0,443.05
18222.0,443.0
14093.0,442.85
12414.0,442.41
18233.0,440.0
14022.0,440.0
15524.0,440.0
13954.0,439.92
16025.0,439.65999999999997
16968.0,439.43
14272.0,437.96
16034.0,437.7
15553.0,437.23
13338.0,437.02
16084.0,436.18
15551.0,436.06
16948.0,435.02
14910.0,434.35
14460.0,434.34
17035.0,433.53000000000003
14157.0,432.88
16236.0,432.2
16881.0,432.0
12447.0,431.49
15976.0,430.94
18106.0,430.7
13245.0,430.5
12827.0,430.15000000000003
14998.0,429.87
16884.0,429.84000000000003
15450.0,429.84
15230.0,429.6
12436.0,429.01000000000005
15957.0,428.89
13602.0,428.89
16324.0,428.68
17869.0,428.18
12504.0,428.04999999999995
15360.0,427.93
12740.0,427.6
15889.0,427.57
15994.0,427.07
15930.0,426.63
14288.0,426.6
15639.0,425.32
12384.0,425.27000000000004
16780.0,425.19
17134.0,425.0
12491.0,424.40000000000003
17371.0,423.89
13140.0,423.72
16119.0,423.36
15012.0,423.04
18034.0,422.88
17525.0,422.70000000000005
13473.0,422.64
16689.0,422.59999999999997
18240.0,422.58
17232.0,421.52
14757.0,420.5
15206.0,420.29999999999995
14124.0,419.58000000000004
15361.0,418.92
15967.0,418.83
12787.0,418.66
17701.0,417.95
16629.0,417.73
13615.0,417.69
16737.0,417.59999999999997
12833.0,417.38
18001.0,417.23
13166.0,417.2
16816.0,417.06
12729.0,417.01
13889.0,416.90000000000003
16957.0,416.64
13085.0,416.08000000000004
15803.0,415.82000000000005
14139.0,415.82
12930.0,415.8
15725.0,415.25
14333.0,415.2
16795.0,414.88
12993.0,414.76
16239.0,414.2
17483.0,414.04
17052.0,413.75
13974.0,413.59000000000003
16834.0,413.46
14620.0,412.78000000000003
13827.0,412.05
15523.0,412.01000000000005
16272.0,411.7
17913.0,411.6
14670.0,411.53
15186.0,411.41
15099.0,410.48
15695.0,409.98
14048.0,409.93
14348.0,409.57
12990.0,409.5
15225.0,409.40000000000003
16243.0,409.1
16018.0,408.90000000000003
15269.0,408.8
17931.0,408.36
16010.0,407.5
16399.0,406.77
15184.0,406.76
15127.0,406.53
16947.0,406.48
15342.0,406.09
14616.0,406.08000000000004
16204.0,405.71
18036.0,405.62
12922.0,405.38
12809.0,405.31
17379.0,404.66
15938.0,404.58
16319.0,404.40000000000003
16484.0,404.3
17431.0,403.3
15221.0,403.25
12564.0,402.9
12386.0,401.9
12592.0,401.6
15158.0,401.40000000000003
16500.0,400.86
16198.0,400.68100000000004
17375.0,400.1
18164.0,399.65000000000003
13255.0,399.51
18154.0,399.19
15522.0,398.84
17830.0,398.7
12508.0,398.27
12802.0,397.58
15429.0,397.35
17926.0,397.29
12824.0,397.12
13594.0,396.97
13673.0,396.92
17486.0,396.87
15883.0,396.48
18067.0,396.33
16354.0,395.8
17603.0,394.72
14619.0,394.44
16207.0,394.38
15386.0,394.14
15264.0,393.74
15345.0,393.54
17226.0,393.49
14600.0,393.33000000000004
15837.0,391.98
17223.0,391.79
12403.0,391.7
16917.0,391.52
12982.0,390.54
17614.0,390.07
17936.0,389.84
18024.0,389.78
14752.0,389.64
13873.0,389.6
13359.0,389.56
16250.0,389.44
15847.0,389.27
13358.0,389.03
17595.0,388.79
15592.0,388.58
13899.0,388.52
13856.0,388.5
17438.0,388.45000000000005
16776.0,388.28
14538.0,388.25
17357.0,388.14
17817.0,387.68
14420.0,387.52
17508.0,387.31
14114.0,386.53
15664.0,386.43
12579.0,386.42
14779.0,386.15
13821.0,385.64
17711.0,385.1
13833.0,384.8
17250.0,384.52
17189.0,384.40000000000003
17205.0,384.08
16982.0,384.06
15048.0,384.05
12733.0,383.95
15440.0,383.68
14304.0,383.45
15424.0,383.34
12832.0,383.03
18181.0,382.8
17239.0,382.5
13657.0,382.14
12593.0,382.09999999999997
17999.0,382.06
15090.0,381.32
16441.0,381.2
12871.0,380.64
17573.0,380.6
16930.0,380.55
17138.0,380.5
12890.0,380.46999999999997
16769.0,380.39
17031.0,380.35
14731.0,380.02
14594.0,379.83
12493.0,379.74
16552.0,379.73
12580.0,379.7
13589.0,379.65
13656.0,379.65
17878.0,379.45
16909.0,379.14
12375.0,377.5
17736.0,377.44
15025.0,377.01
17489.0,376.64
13936.0,376.58
17078.0,375.86
16858.0,375.69000000000005
14448.0,375.35
14079.0,375.1
16147.0,375.0
14067.0,374.7
17492.0,374.57
12873.0,374.0
16321.0,373.65000000000003
16903.0,373.24
12895.0,372.8
13569.0,372.25
12981.0,372.21999999999997
16065.0,372.09
13300.0,371.89
17765.0,371.88
12725.0,371.8
14690.0,371.7
18155.0,371.62
15472.0,371.56
14950.0,371.2
15975.0,371.01
15063.0,370.79999999999995
16343.0,370.47999999999996
15922.0,369.5
16758.0,369.34000000000003
14888.0,369.2
12591.0,368.85
16372.0,367.93
17911.0,366.23
12639.0,366.1
17358.0,365.85
17432.0,365.76
16499.0,365.45
12448.0,365.45
16202.0,365.27
14886.0,364.8
15949.0,364.72
15343.0,364.5
14528.0,364.21999999999997
12538.0,363.95
17330.0,363.9
14171.0,363.79
16509.0,363.7
18056.0,363.65
12915.0,363.65
16485.0,363.65
14427.0,363.34000000000003
16378.0,362.95
16052.0,362.06
15901.0,361.9
13844.0,361.62
16305.0,361.21999999999997
13291.0,361.11
15872.0,360.93
16595.0,360.16
13780.0,360.01
13298.0,360.0
15120.0,358.82
17948.0,358.56000000000006
16823.0,358.38
13228.0,358.0
13976.0,357.98
17025.0,357.77
16971.0,357.21
18040.0,357.20000000000005
13453.0,356.97999999999996
14500.0,356.85
15713.0,356.7
15247.0,356.0
15840.0,355.56
14537.0,355.56
12617.0,355.53
17742.0,355.11
13642.0,354.8
17222.0,354.15
12888.0,354.12
15870.0,354.09000000000003
12845.0,354.09
17252.0,353.86
13173.0,353.65
13210.0,353.48
14804.0,353.27
17976.0,353.19
15678.0,352.7
18112.0,352.69
12582.0,351.36
15789.0,351.3
13923.0,351.13
15900.0,351.11
13332.0,350.9
13740.0,350.75
17835.0,350.64
17795.0,350.39
13108.0,350.06
12498.0,349.70000000000005
13670.0,349.7
13887.0,349.55
15885.0,349.35
18250.0,349.27
15405.0,349.1
13927.0,348.99
13919.0,348.81
13790.0,348.8
18127.0,348.73
15334.0,348.72
15579.0,348.6
12452.0,348.57
16159.0,348.2
13052.0,348.15000000000003
14379.0,348.1
13497.0,348.05
13352.0,347.97999999999996
17668.0,347.75
13062.0,346.98
13649.0,346.6
16423.0,346.12
13091.0,345.82
15781.0,345.46
17123.0,345.29999999999995
13774.0,345.0
14633.0,344.90000000000003
12792.0,344.53999999999996
16978.0,344.33
17569.0,344.14
13068.0,344.0
15047.0,343.62
15520.0,343.5
18081.0,343.45
15880.0,343.28000000000003
12875.0,343.2300000000001
17201.0,342.63
16851.0,342.45
16826.0,341.7
17917.0,341.28
14491.0,340.93
15115.0,340.11
13737.0,339.59999999999997
13345.0,339.5
17045.0,339.44
16545.0,339.3
17697.0,338.95
17839.0,338.8
16183.0,338.71000000000004
16274.0,337.75
15652.0,337.74
15942.0,337.44
13930.0,337.34
17973.0,337.04
16105.0,336.96
17914.0,336.43
15619.0,336.40000000000003
17384.0,336.4
14954.0,336.17
18078.0,336.13
15921.0,336.03000000000003
18276.0,335.86
14196.0,335.52
16063.0,335.32
17221.0,335.13
12690.0,335.01
14988.0,334.54
15466.0,334.53
15918.0,334.23
14264.0,333.97
13216.0,333.74
13727.0,333.48
16625.0,333.08
14902.0,332.66
13904.0,332.64
16850.0,332.41
16803.0,332.3
16177.0,331.95
16030.0,331.24
15210.0,331.18
16478.0,331.0
12891.0,331.0
17862.0,330.9
15714.0,330.88
13706.0,330.79
12527.0,330.71000000000004
14517.0,330.45
15130.0,330.11
16593.0,330.03
12953.0,329.85
14716.0,329.68
17866.0,329.65
17615.0,329.6
13239.0,329.56
17154.0,329.34
15153.0,329.25
13817.0,328.98
14012.0,328.8
13372.0,328.64
16855.0,328.4
15213.0,328.35
14747.0,328.2
14206.0,328.15999999999997
16318.0,328.15
15314.0,327.97
14024.0,327.7
16366.0,327.3
14870.0,327.25
16322.0,326.75
17715.0,326.4
14987.0,326.4
16071.0,326.24
15363.0,326.0
12844.0,325.96000000000004
16830.0,325.91
14850.0,325.75
15944.0,325.1
13801.0,324.8
12373.0,324.6
15597.0,324.57
18261.0,324.24
16685.0,324.24
14555.0,324.14
13351.0,323.94
15675.0,323.69
17793.0,323.04
16739.0,323.0
13955.0,322.96
16627.0,322.8
16342.0,322.41
14424.0,322.08
15224.0,322.08
14484.0,321.92
14823.0,321.43
15236.0,321.05
12365.0,320.69
16096.0,320.62
14622.0,320.58000000000004
13986.0,320.46
16674.0,319.61
15107.0,319.5
18117.0,319.47
16967.0,319.02
17157.0,319.0
17229.0,318.76
17248.0,318.65
12795.0,318.48
14703.0,318.17
18066.0,318.0
12552.0,317.82
17172.0,317.76
17267.0,317.62
15101.0,317.53
16386.0,317.2
15257.0,317.15
15385.0,316.88
12544.0,316.7
15243.0,316.68
16761.0,316.62
15204.0,316.58
17458.0,316.5
13494.0,316.26000000000005
14479.0,316.25
16473.0,316.11
12614.0,315.6
15766.0,315.06
16091.0,315.06
17237.0,314.69
16193.0,314.45
16227.0,314.22
15970.0,314.1
12532.0,313.83000000000004
13484.0,313.8
16582.0,313.62
14932.0,313.53
14729.0,313.49
13845.0,312.98
15318.0,312.62
12834.0,312.38
17362.0,312.23
17070.0,312.14
16450.0,311.92
14142.0,311.81
15326.0,311.71
14951.0,311.69
14327.0,311.65
12852.0,311.55
13990.0,311.3
17854.0,311.26
16781.0,311.25
13897.0,311.16
17912.0,311.01
17266.0,310.64
15185.0,310.62
15308.0,310.47
14311.0,310.26
14924.0,310.05
15661.0,309.8
15699.0,309.65
16810.0,309.54
14339.0,309.52
14847.0,309.4
17604.0,309.36
12884.0,309.05
13787.0,309.04
15010.0,308.94
16956.0,308.74
13699.0,308.58000000000004
17510.0,308.48
13466.0,307.9
15973.0,307.82000000000005
16123.0,307.78
13529.0,307.76
13395.0,307.72
13060.0,307.53
14915.0,307.48
17120.0,307.46
13932.0,307.4
13142.0,307.09
17334.0,307.02
15087.0,306.94
17551.0,306.84
13762.0,306.72
16668.0,306.71999999999997
13718.0,306.55
18059.0,306.46
15659.0,306.45
17176.0,306.13
13863.0,305.78
15219.0,305.75
16796.0,305.62
16181.0,305.54
18220.0,305.28000000000003
13045.0,305.28000000000003
13667.0,305.02
17941.0,304.56
15163.0,304.47
16217.0,304.25
18185.0,304.25
17732.0,303.97
16400.0,303.93
13083.0,303.75
13343.0,303.43
17433.0,303.15999999999997
16425.0,302.7
14248.0,302.58
18165.0,302.46000000000004
16104.0,302.36
16292.0,302.25
17506.0,302.2
15054.0,302.1
17094.0,302.0
16297.0,301.9
15060.0,301.84
16715.0,301.71999999999997
15667.0,301.32
15148.0,301.29
15623.0,301.03
13479.0,300.95
17978.0,300.91999999999996
16430.0,300.85
16479.0,300.83
14762.0,300.52
13304.0,300.42
15254.0,300.36
12648.0,300.05
13745.0,300.04
18053.0,300.02
16402.0,299.6
18215.0,299.34000000000003
12489.0,298.93
17124.0,298.89
15609.0,298.48
17255.0,298.41
17824.0,298.4
17678.0,298.11
12881.0,298.0
12566.0,297.65
15857.0,297.0
14985.0,296.75
17531.0,296.7
13441.0,296.64
15154.0,296.42
13751.0,296.25
13504.0,295.93
16998.0,295.0
12790.0,294.92
13708.0,294.88
12350.0,294.4
13573.0,294.4
15732.0,294.12
17163.0,293.1
12829.0,293.0
15545.0,292.71999999999997
16721.0,292.47
13259.0,292.32
13502.0,292.0
13449.0,291.88
13544.0,291.41
13347.0,291.36
14656.0,291.05
14947.0,290.82
16648.0,290.65999999999997
15279.0,290.51
17691.0,290.40000000000003
16526.0,290.36
17081.0,290.16
14784.0,289.99
17464.0,289.96000000000004
14953.0,289.82
16897.0,289.78
14162.0,289.36
16125.0,289.35
14549.0,289.24
17501.0,288.6
16808.0,288.42
15396.0,288.18
17977.0,288.14
17080.0,287.62
17760.0,287.59
16432.0,287.4
12519.0,286.84
13760.0,286.79
16555.0,285.89
14660.0,285.74
17636.0,285.56
16429.0,284.55
18190.0,284.46000000000004
13121.0,283.73
13439.0,283.71
17783.0,283.47
17251.0,283.28000000000003
18270.0,283.15
17694.0,283.12
14350.0,282.93
13754.0,282.59999999999997
13177.0,282.45
17247.0,282.19
16557.0,281.85
17403.0,281.62
16848.0,281.42
14242.0,280.55
13606.0,280.53999999999996
16149.0,280.52
14975.0,279.94
15556.0,279.77
14480.0,279.05
17786.0,278.74
12515.0,278.7
14764.0,278.3
14908.0,277.8
17968.0,277.35
13803.0,277.07
15355.0,277.05
16883.0,276.73
13272.0,276.56
14508.0,276.42
12750.0,275.88
14512.0,275.28
16313.0,274.15000000000003
12715.0,273.86
16727.0,272.82
17254.0,272.44
17498.0,272.22
14819.0,272.07
13917.0,272.04
14816.0,271.85
13058.0,271.40000000000003
13837.0,271.24
17767.0,271.2
17496.0,271.05
18108.0,271.0
17011.0,270.9
15774.0,270.8
13533.0,270.79
14520.0,270.6
13242.0,270.40000000000003
12558.0,269.96
12623.0,269.1
14727.0,268.58
15408.0,267.18
17550.0,267.16
15320.0,267.13
17708.0,267.08
15517.0,267.03
16451.0,266.97
14863.0,266.76
15119.0,266.4
12962.0,266.39
15019.0,266.0
14068.0,265.85
17430.0,265.76
12703.0,265.55
14423.0,265.2
13973.0,264.7
15912.0,264.62
14452.0,264.44
15894.0,262.9
16936.0,262.68
16413.0,262.2
17385.0,261.11
13189.0,260.68
14053.0,260.25
15014.0,260.17
15143.0,259.45
17125.0,259.35
13127.0,259.17
16447.0,259.01
15577.0,258.88
13277.0,258.4
13369.0,258.28000000000003
13227.0,257.7
14375.0,257.68
18009.0,257.34
13626.0,257.23
16048.0,256.44
13806.0,256.38
17896.0,256.32
12785.0,255.95
14761.0,255.9
15277.0,255.89999999999998
14881.0,255.4
16226.0,255.12
15261.0,254.82
14765.0,254.11
15689.0,254.1
15759.0,253.04
17860.0,252.8
15035.0,252.73000000000002
13404.0,252.49
15346.0,252.42000000000002
13645.0,252.1
13711.0,252.06
16330.0,251.91
16836.0,251.87
17155.0,251.70000000000002
16976.0,251.51999999999998
14501.0,251.21
13512.0,251.21
13207.0,250.26000000000002
16596.0,250.15
17303.0,250.04
15510.0,250.0
17456.0,249.86
18005.0,249.72
16124.0,249.0
13061.0,248.61
17111.0,248.61
18212.0,248.42
16510.0,248.1
15097.0,248.08
13592.0,247.95999999999998
18072.0,247.44
14658.0,247.15
17051.0,247.14000000000001
15783.0,246.3
17278.0,246.04
16024.0,245.96
16778.0,245.94
17771.0,245.33
15118.0,244.8
16528.0,244.41
17892.0,244.1
17925.0,244.08
13103.0,243.94
16793.0,243.84
18193.0,243.76
16601.0,243.63
13886.0,243.56
15634.0,243.55
17339.0,243.36
17908.0,243.28
14647.0,243.22
12650.0,242.44000000000003
16215.0,242.35
15776.0,241.62
14523.0,241.09
16427.0,241.06
15598.0,240.68
15286.0,240.55
13565.0,240.22
17256.0,240.0
17181.0,239.92000000000002
15690.0,239.76
13570.0,239.49
17684.0,239.41
16756.0,239.4
12561.0,238.85
15850.0,238.85
17877.0,237.61
14586.0,237.36
15457.0,237.07
18110.0,236.3
12604.0,236.18
16026.0,236.09
13187.0,236.02
15462.0,234.6
14473.0,234.34000000000003
17060.0,234.24
16961.0,234.17
15483.0,233.81
13348.0,233.76
16583.0,233.45
14995.0,233.23000000000002
16302.0,233.22
13678.0,232.6
18213.0,232.48000000000002
16117.0,232.21
15393.0,231.86
16641.0,231.10000000000002
18030.0,230.64999999999998
15866.0,230.53
16445.0,230.51
13786.0,230.39999999999998
16926.0,230.25
13960.0,230.22
12812.0,229.64000000000001
13474.0,229.59
13008.0,229.46999999999997
15528.0,229.33
14793.0,228.99
17347.0,228.96
13146.0,228.91
13712.0,228.84
13070.0,228.8
17969.0,228.2
16527.0,228.06
14569.0,227.39
12492.0,227.21
12660.0,227.1
17212.0,226.85
17194.0,226.78
17572.0,226.75000000000003
16315.0,226.37
16777.0,226.35
16619.0,226.21
12797.0,226.03
17789.0,225.9
12672.0,225.89999999999998
14624.0,225.85
14357.0,225.77
16690.0,225.57999999999998
14052.0,225.36
16587.0,225.15
17171.0,224.91
15175.0,224.14
16471.0,223.95000000000002
16753.0,223.92000000000002
14929.0,223.88
13926.0,223.85000000000002
18101.0,223.65
17534.0,223.36
15637.0,223.36
13382.0,222.99
15897.0,222.05
14598.0,221.97
14960.0,221.27
16392.0,221.19
13419.0,221.06
15790.0,220.85
16482.0,220.62
13079.0,220.10000000000002
18114.0,220.1
13600.0,219.52
15096.0,219.39000000000001
16895.0,219.14
13669.0,218.55
17619.0,218.52
13428.0,218.47
12732.0,218.26000000000002
15724.0,218.25
16634.0,217.9
13271.0,217.38
14570.0,217.21
15554.0,217.2
16080.0,217.16
13739.0,216.9
13503.0,216.85
15460.0,216.76
12897.0,216.5
12430.0,216.4
15604.0,216.39
17436.0,216.29999999999998
14104.0,216.20999999999998
13858.0,216.17
16179.0,215.83
15052.0,215.78
14476.0,215.7
16189.0,215.48
16190.0,215.08
12831.0,215.05
16338.0,214.79999999999998
16411.0,214.65
16846.0,214.32
16647.0,214.06
14601.0,213.96
13621.0,213.85
17153.0,213.78
14241.0,213.70000000000002
13411.0,213.55
16591.0,213.5
15540.0,213.3
14984.0,213.27
16519.0,212.98
17580.0,212.77
16017.0,211.88
16356.0,211.77
15703.0,211.5
12995.0,211.32
16415.0,210.35
13532.0,210.31
13828.0,209.49
17855.0,208.97
15327.0,208.75
17514.0,208.65
16914.0,208.46
16457.0,208.36
18191.0,207.79999999999998
16866.0,207.73999999999998
17923.0,207.50000000000003
16323.0,207.50000000000003
16752.0,207.5
13099.0,207.35999999999999
15925.0,207.15
15820.0,206.98
17166.0,206.34
14964.0,206.21
13065.0,205.86
17670.0,205.7
15307.0,205.3
15758.0,205.25
13513.0,205.1
15319.0,204.5
18126.0,204.49
17206.0,204.24
18273.0,204.0
13017.0,204.0
17187.0,203.95
17889.0,203.87
17394.0,203.86999999999998
17891.0,203.85999999999999
17376.0,203.2
15723.0,203.1
14381.0,202.68
18169.0,202.65
12718.0,202.25
14385.0,202.11
15347.0,201.60000000000002
13295.0,201.20000000000002
13284.0,201.19
13859.0,201.16
17988.0,201.12
12702.0,201.0
17693.0,200.47
13262.0,200.29
15437.0,200.16
13980.0,200.14
14782.0,200.10000000000002
13723.0,199.85000000000002
15593.0,199.8
13322.0,199.48000000000002
17383.0,199.29
16832.0,199.15
17987.0,198.57
16178.0,197.9
12450.0,197.88
17843.0,197.73
14185.0,197.65
14789.0,197.64
17301.0,197.63
13349.0,197.32
16829.0,197.22
15234.0,197.0
12586.0,196.94000000000003
13436.0,196.89
15746.0,196.88
13978.0,196.79000000000002
14830.0,196.28
17660.0,196.0
16112.0,195.73999999999998
12402.0,195.6
13792.0,195.55
17010.0,195.36
15612.0,195.15
14100.0,194.9
16887.0,194.88
14087.0,194.42
17475.0,194.37
15683.0,193.75
17343.0,193.64
15198.0,193.64
16847.0,193.44
17608.0,193.42
14806.0,193.39000000000001
14801.0,193.14
13568.0,192.85
14768.0,192.60000000000002
16965.0,192.07
15909.0,191.94
17904.0,191.67
14966.0,191.32
15692.0,191.04
17233.0,190.88
13033.0,190.55
15412.0,190.53
13972.0,190.25
17885.0,190.19
13826.0,189.5
13663.0,189.47
18045.0,189.4
16448.0,188.89000000000001
14697.0,188.60999999999999
12893.0,188.14
17781.0,188.02
14722.0,187.92000000000002
17279.0,187.82999999999998
18013.0,187.29
17440.0,186.42000000000002
13672.0,186.39000000000001
14551.0,186.23
15567.0,186.01
17574.0,185.65
14199.0,185.39999999999998
16097.0,185.04999999999998
13482.0,184.64
17928.0,184.46
17680.0,184.4
16433.0,184.26
15124.0,184.19
14326.0,183.85
16680.0,183.7
14059.0,183.6
13460.0,183.44
13059.0,183.4
17772.0,182.77
12574.0,182.45000000000002
14082.0,182.25
18119.0,181.12
15886.0,181.09
16594.0,181.09
15945.0,181.0
15292.0,180.94
16835.0,180.85
18280.0,180.60000000000002
13710.0,180.48
15041.0,180.35
13598.0,180.17000000000002
14666.0,179.95
12581.0,179.71
18147.0,179.33999999999997
15895.0,179.17
15454.0,179.1
14705.0,179.0
16990.0,179.0
16620.0,178.96
15139.0,178.96
15262.0,178.95000000000002
13778.0,178.7
17879.0,178.51999999999998
17253.0,178.26
17356.0,178.22
18282.0,178.05
12791.0,177.60000000000002
16403.0,177.5
13618.0,177.34
13072.0,177.15
17947.0,176.68
14287.0,176.63
18274.0,175.92
12923.0,175.72
17582.0,175.27
16144.0,175.2
17331.0,175.2
12361.0,174.9
12588.0,174.89999999999998
18010.0,174.8
14355.0,174.4
14518.0,174.37
13560.0,174.37
15335.0,173.97
18278.0,173.9
16861.0,173.76
14798.0,173.74
16565.0,173.7
15565.0,173.16
15670.0,173.05
14693.0,172.9
18048.0,172.29000000000002
13922.0,172.25
13690.0,172.25
14536.0,171.8
16773.0,171.59
17245.0,171.45
15432.0,171.19
17542.0,170.75
14860.0,170.32
18058.0,170.16
15016.0,170.04
16921.0,169.79
13962.0,169.55
14218.0,169.48000000000002
18004.0,169.47
14578.0,168.63
18269.0,168.6
17367.0,168.4
18099.0,168.31
16282.0,168.3
17737.0,168.24
15986.0,168.12
15374.0,168.0
12551.0,168.0
18088.0,167.67000000000002
17561.0,167.62
16952.0,167.61
16405.0,167.25
14295.0,166.20000000000002
17650.0,166.08
14485.0,165.75
14552.0,165.07
18042.0,165.04999999999998
13470.0,165.0
15316.0,165.0
15904.0,164.68
17535.0,164.4
13603.0,164.34
12920.0,164.23
18200.0,163.8
14354.0,163.62
15920.0,163.55
17110.0,163.29999999999998
13223.0,163.20000000000002
16406.0,163.07
15167.0,163.0
16517.0,162.7
15888.0,162.64
15733.0,162.3
15325.0,162.29
12622.0,162.1
16932.0,161.94
17600.0,161.67000000000002
15458.0,161.64
16113.0,161.38
14362.0,161.2
14204.0,161.03
14089.0,161.0
14237.0,161.0
13229.0,160.95
15852.0,160.71
17344.0,160.57
12573.0,160.54000000000002
18203.0,160.42000000000002
18146.0,160.35000000000002
14714.0,160.19
12966.0,160.18
13420.0,159.85
16213.0,159.0
18224.0,158.95000000000002
13937.0,158.85
17165.0,158.68
12509.0,158.5
18014.0,158.47
15160.0,158.16
15348.0,158.04
15988.0,158.03
17556.0,157.9
14799.0,157.7
14148.0,157.2
17128.0,157.09
14585.0,157.05
17118.0,157.02
15007.0,156.91
14406.0,156.75
12522.0,156.72
15438.0,156.57999999999998
15263.0,156.51
13898.0,155.93
17871.0,155.9
17899.0,155.8
12441.0,155.55
14813.0,155.43
17832.0,155.37
16720.0,155.24
15447.0,155.17
13809.0,155.05
14368.0,155.0
17698.0,154.95
15740.0,154.88
17026.0,154.82999999999998
15226.0,154.41
17517.0,153.94
17286.0,153.92
16351.0,153.9
12602.0,153.12
17714.0,153.0
16248.0,152.94
17984.0,152.68
18138.0,152.65
14066.0,152.55
17707.0,152.4
13514.0,152.20000000000002
14039.0,152.2
17898.0,152.06
16617.0,151.85
16412.0,151.83
12547.0,151.79999999999998
14208.0,151.74
14046.0,151.59
13462.0,151.5
16461.0,151.42
13697.0,151.29999999999998
16337.0,151.05
14073.0,151.04
12367.0,150.9
15717.0,150.3
17234.0,149.89000000000001
15869.0,149.64
17946.0,149.57999999999998
18262.0,149.48
15748.0,149.31
15435.0,149.29
13003.0,149.05
17549.0,148.86
15526.0,148.44
17859.0,148.21
14968.0,147.59
14098.0,147.35
14037.0,147.20000000000002
12864.0,147.12
15503.0,147.09
17030.0,146.87
14238.0,146.85
16893.0,145.93
12565.0,145.92
12641.0,145.9
13866.0,145.67000000000002
15937.0,145.35
16598.0,145.04999999999998
17524.0,145.0
16852.0,144.91000000000003
12974.0,144.8
14109.0,144.2
12442.0,144.06
12736.0,144.0
17186.0,144.0
17578.0,143.45999999999998
15705.0,143.1
17935.0,142.89
13299.0,142.5
16287.0,142.5
13584.0,142.4
14386.0,142.4
13561.0,141.85999999999999
14041.0,141.41
15388.0,140.54
13483.0,140.34
14494.0,139.56
16483.0,139.35
17718.0,139.35
14772.0,139.26
18209.0,139.10000000000002
15135.0,139.05
13273.0,138.98
12902.0,138.68
14581.0,138.6
17122.0,138.32
13716.0,138.28
15663.0,138.14
12512.0,138.03
16050.0,137.9
13279.0,137.75
17709.0,137.45
15836.0,137.37
12738.0,137.35
12618.0,137.31
14483.0,137.1
17468.0,137.0
15691.0,136.8
14247.0,136.76999999999998
17972.0,136.04
16462.0,136.0
12968.0,135.95
15042.0,135.93
14889.0,135.9
15419.0,135.86
16114.0,135.75000000000003
15174.0,135.75
16665.0,135.39999999999998
15276.0,135.31
12851.0,135.18
13364.0,134.95999999999998
16055.0,134.8
14340.0,134.7
15562.0,134.55
14174.0,134.46
12837.0,134.1
14280.0,134.04
16424.0,133.56
14349.0,133.5
17881.0,133.35000000000002
15709.0,133.25
17647.0,133.06
17785.0,131.94
14438.0,131.9
17297.0,131.78
17455.0,131.7
14795.0,131.45000000000002
15844.0,130.73999999999998
16679.0,129.75
16611.0,129.49
16623.0,129.45
17359.0,127.86
15543.0,127.86
13781.0,127.84
15578.0,127.1
15923.0,127.08
14962.0,126.7
16414.0,126.25
15463.0,126.14
16988.0,126.12
12817.0,126.03999999999999
13522.0,125.80000000000001
14861.0,125.79
14890.0,125.65
15017.0,125.58
12531.0,125.22
17148.0,124.88
16849.0,124.57
16569.0,124.2
14495.0,123.8
16658.0,123.24
15917.0,123.1
17967.0,123.07
13519.0,122.75
13876.0,122.7
14413.0,122.7
13638.0,122.64
14165.0,122.53999999999999
14076.0,122.47
16073.0,122.39999999999999
18018.0,122.14
13244.0,121.74000000000001
13182.0,121.18
15049.0,121.17000000000002
15512.0,121.0
13002.0,120.94999999999999
17446.0,120.9
18015.0,120.03
14314.0,120.0
14259.0,120.0
14453.0,119.93
16542.0,119.62
15266.0,119.3
16666.0,118.98
15843.0,118.95000000000002
17079.0,118.80000000000001
14155.0,118.75
13581.0,118.0
13193.0,117.88
12929.0,117.85
17654.0,117.55
16959.0,117.35000000000001
13877.0,117.24
17117.0,116.19999999999999
17601.0,116.00999999999999
13170.0,116.00999999999999
14143.0,115.8
15350.0,115.65
13067.0,115.46000000000001
18027.0,115.31
14972.0,114.77
13188.0,114.60000000000001
16247.0,114.56
14632.0,114.56
14974.0,114.39
17852.0,114.34
17219.0,114.23
14652.0,114.18
12938.0,114.14
14582.0,114.11
12651.0,114.0
14457.0,113.64
16828.0,113.5
15445.0,113.5
17217.0,113.5
18105.0,113.48000000000002
16913.0,113.44
15280.0,113.12
14689.0,112.8
13161.0,112.75
16697.0,112.75
13807.0,112.6
18129.0,112.55000000000001
15610.0,112.46000000000001
17038.0,112.4
14271.0,112.32
17893.0,112.25
17900.0,112.19999999999999
12756.0,112.07999999999998
17274.0,111.97999999999999
17887.0,111.35
18120.0,111.15
13508.0,110.97
13144.0,110.95
15537.0,110.92
15853.0,110.8
17349.0,110.75
17957.0,110.72
16963.0,110.55000000000001
14641.0,110.46
12734.0,110.39999999999999
16792.0,110.38000000000001
17901.0,110.38
18277.0,110.38
17746.0,110.25
16339.0,109.95
17836.0,109.83
13133.0,109.8
16363.0,109.36000000000001
14699.0,109.13000000000001
14345.0,108.97999999999999
17639.0,108.5
16106.0,108.38
13226.0,108.21000000000001
12956.0,108.07
15935.0,108.03999999999999
14661.0,107.95
16784.0,107.6
15395.0,107.45
16757.0,106.83000000000001
15168.0,106.56
15070.0,106.2
17791.0,106.1
16581.0,105.84
15775.0,104.9
14027.0,104.82
15607.0,104.76
15958.0,104.35
18174.0,104.0
12587.0,104.0
18255.0,103.3
17548.0,103.3
14542.0,103.25
17962.0,102.83
18011.0,102.78999999999999
14836.0,102.44999999999999
14981.0,102.12
13948.0,102.0
15212.0,101.8
18068.0,101.69999999999999
16516.0,101.69999999999999
17643.0,101.55
16006.0,101.4
18086.0,101.34
13101.0,101.19
16344.0,101.10000000000001
16498.0,100.97
14946.0,100.9
17427.0,100.8
14371.0,100.5
13703.0,99.5
17939.0,99.14
15256.0,98.45
17538.0,98.42
17895.0,98.0
18033.0,97.97
15422.0,97.7
12984.0,97.5
17325.0,96.8
15216.0,96.6
14642.0,96.12
17024.0,95.85
18249.0,95.34
16387.0,94.36
15397.0,94.0
15428.0,93.78
18227.0,93.75
13283.0,93.66
17991.0,93.35
12821.0,92.72
14054.0,92.46
13551.0,91.80000000000001
13160.0,91.8
15488.0,91.32000000000001
14353.0,90.6
13947.0,90.6
18084.0,90.47999999999999
16506.0,90.30000000000001
15552.0,90.12
16597.0,90.04
14117.0,90.0
14219.0,89.94
14760.0,89.2
14436.0,89.06
12353.0,89.0
15083.0,88.2
15180.0,87.5
13296.0,87.4
12814.0,85.92
15541.0,85.13000000000001
15729.0,85.0
13841.0,85.0
13666.0,84.65
17309.0,82.75
13006.0,81.57
17620.0,81.44
18281.0,80.82
16789.0,80.8
13967.0,80.7
17752.0,80.64
13747.0,79.6
13651.0,79.2
16078.0,79.2
15753.0,79.2
17942.0,77.50000000000001
12445.0,77.4
14785.0,77.4
13132.0,77.3
12789.0,76.85
13992.0,76.8
14373.0,76.55
17536.0,76.5
13106.0,76.5
14090.0,76.32000000000001
16148.0,76.32000000000001
15668.0,76.32000000000001
18113.0,76.32000000000001
17995.0,76.1
17628.0,75.75
16610.0,75.66
13403.0,75.0
16468.0,74.9
18050.0,74.4
13095.0,74.39999999999999
17960.0,73.78
12659.0,73.68
18032.0,73.5
12506.0,73.5
16171.0,73.2
17906.0,72.9
13686.0,72.0
13938.0,71.66
17747.0,71.4
13185.0,71.4
12686.0,71.14
17022.0,71.0
18037.0,70.02
12401.0,69.3
15863.0,68.84
14393.0,67.95
13684.0,67.23
12548.0,67.19999999999999
17382.0,65.4
13130.0,64.0
13302.0,63.75
17263.0,63.440000000000005
14437.0,63.0
14840.0,62.85
13218.0,62.63999999999999
15516.0,62.43
13194.0,60.7
17174.0,59.9
13391.0,59.8
13682.0,59.5
14957.0,58.49
13080.0,58.08
17775.0,56.4
15899.0,56.25
13366.0,56.160000000000004
16349.0,53.5
15504.0,52.83
14865.0,52.2
13832.0,52.199999999999996
14682.0,52.0
15313.0,52.0
17844.0,51.559999999999995
14351.0,51.0
13011.0,50.550000000000004
18184.0,49.8
14821.0,48.800000000000004
15603.0,48.480000000000004
14080.0,45.599999999999994
12665.0,45.0
15423.0,43.5
14300.0,43.2
15992.0,41.989999999999995
15178.0,40.5
14589.0,39.75
12977.0,39.239999999999995
16659.0,39.12
18019.0,38.45
12855.0,38.1
16162.0,37.4
17816.0,36.56
15940.0,35.8
17831.0,35.400000000000006
16856.0,35.400000000000006
14576.0,35.400000000000006
15744.0,34.8
16765.0,34.0
17408.0,32.65
13120.0,30.599999999999998
15657.0,30.0
17102.0,25.5
18268.0,25.5
16257.0,21.95
16953.0,20.8
17986.0,20.8
16093.0,17.0
13307.0,15.0
17763.0,15.0
16878.0,13.3
17956.0,12.75
14792.0,6.2
16454.0,5.9
16738.0,3.75
