CustomerID,InvoiceNo
12346.0,1
12347.0,7
12348.0,4
12349.0,1
12350.0,1
12352.0,7
12353.0,1
12354.0,1
12355.0,1
12356.0,3
12357.0,1
12358.0,2
12359.0,4
12360.0,3
12361.0,1
12362.0,10
12363.0,2
12364.0,4
12365.0,1
12367.0,1
12370.0,4
12371.0,1
12372.0,3
12373.0,1
12374.0,1
12375.0,2
12377.0,2
12378.0,1
12379.0,2
12380.0,4
12381.0,3
12383.0,5
12384.0,2
12386.0,2
12388.0,6
12390.0,1
12391.0,1
12393.0,4
12394.0,2
12395.0,12
12397.0,2
12398.0,1
12399.0,4
12401.0,1
12402.0,1
12403.0,1
12405.0,1
12406.0,2
12407.0,5
12408.0,5
12409.0,3
12410.0,2
12412.0,3
12413.0,3
12414.0,3
12415.0,20
12417.0,9
12418.0,1
12420.0,1
12421.0,4
12422.0,3
12423.0,8
12424.0,2
12425.0,1
12426.0,1
12427.0,3
12428.0,8
12429.0,4
12430.0,1
12431.0,15
12432.0,4
12433.0,7
12434.0,2
12435.0,2
12436.0,1
12437.0,18
12438.0,2
12441.0,1
12442.0,1
12444.0,5
12445.0,1
12446.0,1
12447.0,1
12448.0,1
12449.0,4
12450.0,2
12451.0,5
12452.0,1
12453.0,1
12454.0,1
12455.0,5
12456.0,3
12457.0,6
12458.0,2
12461.0,1
12462.0,2
12463.0,4
12464.0,8
12465.0,2
12468.0,2
12471.0,27
12472.0,7
12473.0,3
12474.0,18
12475.0,1
12476.0,11
12477.0,6
12478.0,1
12479.0,1
12480.0,4
12481.0,10
12483.0,8
12484.0,4
12488.0,3
12489.0,1
12490.0,10
12491.0,1
12492.0,2
12493.0,2
12494.0,7
12497.0,1
12498.0,3
12500.0,11
12501.0,1
12502.0,5
12504.0,2
12506.0,1
12507.0,3
12508.0,2
12509.0,1
12510.0,2
12512.0,2
12513.0,1
12514.0,1
12515.0,1
12516.0,2
12517.0,4
12518.0,5
12519.0,1
12520.0,5
12521.0,1
12522.0,2
12523.0,11
12524.0,8
12526.0,3
12527.0,3
12528.0,6
12530.0,4
12531.0,1
12532.0,1
12534.0,1
12535.0,2
12536.0,1
12538.0,1
12539.0,4
12540.0,17
12541.0,3
12544.0,1
12545.0,2
12546.0,2
12547.0,2
12548.0,1
12550.0,1
12551.0,1
12552.0,1
12553.0,10
12556.0,2
12557.0,5
12558.0,1
12559.0,2
12560.0,2
12561.0,1
12562.0,7
12564.0,1
12565.0,1
12566.0,1
12567.0,10
12569.0,32
12571.0,2
12572.0,2
12573.0,1
12574.0,1
12576.0,5
12577.0,3
12578.0,2
12579.0,1
12580.0,1
12581.0,1
12582.0,2
12583.0,15
12584.0,9
12585.0,2
12586.0,1
12587.0,1
12588.0,1
12589.0,2
12590.0,1
12591.0,1
12592.0,2
12593.0,3
12594.0,9
12596.0,2
12597.0,4
12598.0,7
12599.0,7
12600.0,10
12601.0,5
12602.0,1
12603.0,1
12604.0,2
12607.0,1
12609.0,3
12610.0,4
12611.0,1
12612.0,1
12613.0,4
12614.0,1
12615.0,4
12616.0,2
12617.0,1
12618.0,1
12619.0,8
12620.0,3
12621.0,20
12622.0,1
12623.0,1
12624.0,2
12625.0,2
12626.0,9
12627.0,6
12628.0,3
12630.0,2
12631.0,1
12633.0,4
12635.0,2
12637.0,8
12638.0,1
12639.0,1
12640.0,3
12641.0,1
12642.0,3
12643.0,6
12644.0,1
12645.0,4
12646.0,2
12647.0,12
12648.0,1
12649.0,3
12650.0,1
12651.0,1
12652.0,1
12653.0,2
12654.0,5
12656.0,5
12657.0,4
12658.0,1
12659.0,1
12660.0,1
12662.0,11
12664.0,9
12665.0,1
12667.0,1
12668.0,4
12669.0,2
12670.0,5
12672.0,1
12673.0,2
12674.0,4
12676.0,6
12678.0,9
12679.0,4
12680.0,4
12681.0,22
12682.0,31
12683.0,14
12684.0,6
12685.0,6
12686.0,1
12688.0,1
12689.0,2
12690.0,1
12691.0,5
12693.0,4
12694.0,2
12695.0,4
12697.0,3
12700.0,4
12701.0,2
12702.0,1
12703.0,1
12704.0,8
12705.0,8
12707.0,1
12708.0,10
12709.0,15
12710.0,3
12712.0,13
12713.0,1
12714.0,5
12715.0,1
12716.0,2
12717.0,2
12718.0,1
12719.0,2
12720.0,25
12721.0,6
12722.0,4
12723.0,5
12724.0,4
12725.0,1
12726.0,7
12727.0,7
12728.0,4
12729.0,1
12731.0,12
12732.0,1
12733.0,1
12734.0,1
12735.0,2
12736.0,1
12738.0,1
12739.0,1
12740.0,1
12743.0,2
12744.0,4
12747.0,11
12748.0,206
12749.0,5
12750.0,1
12752.0,1
12753.0,6
12754.0,3
12755.0,2
12756.0,1
12757.0,9
12758.0,2
12759.0,3
12762.0,2
12763.0,2
12764.0,1
12766.0,7
12769.0,1
12770.0,1
12772.0,1
12775.0,5
12778.0,6
12779.0,8
12781.0,2
12782.0,5
12783.0,4
12784.0,1
12785.0,1
12787.0,3
12789.0,1
12790.0,1
12791.0,1
12792.0,1
12793.0,2
12794.0,2
12795.0,1
12797.0,1
12798.0,3
12802.0,1
12808.0,3
12809.0,1
12811.0,2
12812.0,1
12814.0,1
12815.0,2
12816.0,2
12817.0,1
12818.0,1
12820.0,4
12821.0,1
12822.0,2
12823.0,5
12824.0,1
12826.0,7
12827.0,3
12828.0,6
12829.0,2
12830.0,6
12831.0,1
12832.0,2
12833.0,1
12834.0,1
12836.0,4
12837.0,1
12838.0,2
12839.0,14
12840.0,4
12841.0,25
12842.0,2
12843.0,8
12844.0,2
12845.0,4
12847.0,1
12849.0,2
12851.0,1
12852.0,1
12853.0,6
12854.0,3
12855.0,1
12856.0,6
12857.0,2
12863.0,1
12864.0,1
12865.0,2
12866.0,1
12867.0,7
12868.0,6
12871.0,2
12872.0,2
12873.0,1
12875.0,2
12876.0,2
12877.0,12
12878.0,2
12879.0,3
12881.0,1
12882.0,2
12883.0,4
12884.0,1
12885.0,3
12886.0,2
12888.0,2
12890.0,1
12891.0,3
12893.0,1
12895.0,2
12897.0,2
12901.0,28
12902.0,1
12904.0,2
12906.0,5
12908.0,2
12909.0,5
12910.0,8
12912.0,5
12913.0,5
12915.0,2
12916.0,4
12917.0,1
12919.0,6
12920.0,1
12921.0,37
12922.0,1
12923.0,1
12924.0,4
12925.0,2
12928.0,5
12929.0,1
12930.0,2
12931.0,15
12933.0,3
12935.0,7
12936.0,4
12937.0,4
12938.0,1
12939.0,8
12940.0,2
12942.0,3
12944.0,2
12945.0,1
12947.0,6
12948.0,7
12949.0,8
12950.0,3
12951.0,6
12952.0,4
12953.0,1
12955.0,11
12956.0,1
12957.0,8
12962.0,2
12963.0,8
12965.0,1
12966.0,1
12967.0,2
12968.0,1
12970.0,4
12971.0,86
12974.0,1
12976.0,1
12977.0,1
12980.0,9
12981.0,2
12982.0,1
12984.0,1
12985.0,2
12987.0,2
12988.0,1
12989.0,15
12990.0,3
12991.0,2
12993.0,4
12994.0,3
12995.0,1
12997.0,4
12999.0,3
13000.0,3
13001.0,13
13002.0,1
13003.0,3
13004.0,18
13005.0,2
13006.0,1
13008.0,1
13011.0,1
13012.0,8
13013.0,13
13014.0,10
13015.0,5
13016.0,3
13017.0,1
13018.0,28
13021.0,9
13023.0,2
13026.0,5
13027.0,6
13028.0,2
13029.0,3
13030.0,2
13032.0,2
13033.0,1
13034.0,2
13035.0,2
13037.0,3
13038.0,3
13040.0,2
13043.0,1
13044.0,1
13045.0,1
13046.0,2
13047.0,9
13048.0,4
13049.0,2
13050.0,17
13052.0,1
13055.0,3
13058.0,3
13059.0,1
13060.0,1
13061.0,1
13062.0,1
13064.0,4
13065.0,1
13066.0,2
13067.0,1
13068.0,2
13069.0,24
13070.0,1
13072.0,1
13075.0,1
13077.0,4
13078.0,26
13079.0,5
13080.0,1
13081.0,11
13082.0,9
13083.0,2
13085.0,2
13089.0,97
13090.0,13
13091.0,1
13092.0,5
13093.0,8
13094.0,12
13095.0,1
13097.0,10
13098.0,28
13099.0,1
13101.0,1
13102.0,24
13103.0,1
13104.0,6
13106.0,1
13107.0,4
13108.0,1
13109.0,2
13110.0,7
13113.0,24
13115.0,4
13116.0,1
13117.0,8
13118.0,5
13120.0,1
13121.0,1
13122.0,2
13124.0,3
13126.0,8
13127.0,1
13130.0,1
13131.0,3
13132.0,1
13133.0,2
13134.0,4
13135.0,1
13136.0,5
13137.0,8
13138.0,6
13139.0,7
13140.0,3
13141.0,5
13142.0,1
13144.0,1
13145.0,4
13146.0,1
13147.0,4
13148.0,12
13149.0,4
13151.0,1
13153.0,1
13155.0,4
13157.0,4
13158.0,4
13159.0,4
13160.0,1
13161.0,1
13162.0,4
13165.0,2
13166.0,1
13167.0,4
13168.0,4
13169.0,2
13170.0,1
13171.0,3
13173.0,2
13174.0,3
13176.0,1
13177.0,1
13178.0,11
13182.0,1
13183.0,9
13184.0,10
13185.0,1
13186.0,3
13187.0,1
13188.0,1
13189.0,2
13192.0,2
13193.0,1
13194.0,1
13196.0,4
13198.0,6
13199.0,37
13200.0,4
13203.0,4
13207.0,2
13208.0,5
13209.0,8
13210.0,1
13211.0,3
13212.0,3
13213.0,5
13216.0,1
13217.0,3
13218.0,1
13220.0,4
13221.0,2
13223.0,2
13224.0,2
13225.0,7
13226.0,1
13227.0,1
13228.0,1
13229.0,1
13230.0,14
13232.0,7
13233.0,2
13235.0,1
13236.0,2
13238.0,4
13239.0,1
13240.0,4
13242.0,3
13243.0,1
13244.0,1
13245.0,1
13246.0,6
13247.0,4
13248.0,2
13249.0,3
13253.0,2
13255.0,2
13258.0,3
13259.0,1
13260.0,1
13261.0,2
13262.0,1
13263.0,34
13265.0,5
13266.0,12
13267.0,19
13268.0,10
13269.0,15
13270.0,1
13271.0,1
13272.0,2
13273.0,1
13276.0,2
13277.0,4
13278.0,1
13279.0,1
13280.0,3
13282.0,3
13283.0,2
13284.0,1
13285.0,4
13291.0,1
13292.0,2
13294.0,2
13295.0,1
13296.0,1
13297.0,4
13298.0,1
13299.0,1
13300.0,1
13301.0,4
13302.0,1
13304.0,1
13305.0,10
13307.0,1
13308.0,3
13309.0,5
13310.0,3
13311.0,2
13313.0,5
13314.0,3
13316.0,4
13317.0,6
13318.0,3
13319.0,26
13320.0,4
13321.0,2
13322.0,1
13323.0,5
13324.0,10
13325.0,1
13327.0,8
13328.0,1
13329.0,2
13330.0,3
13332.0,1
13334.0,3
13336.0,1
13338.0,1
13339.0,1
13340.0,7
13341.0,1
13343.0,1
13344.0,3
13345.0,1
13347.0,1
13348.0,1
13349.0,1
13350.0,2
13351.0,1
13352.0,1
13354.0,1
13355.0,1
13356.0,1
13357.0,1
13358.0,1
13359.0,1
13362.0,4
13363.0,2
13364.0,1
13365.0,2
13366.0,1
13368.0,2
13369.0,1
13370.0,1
13372.0,1
13373.0,3
13375.0,1
13376.0,3
13379.0,3
13381.0,6
13382.0,1
13384.0,7
13385.0,1
13388.0,2
13389.0,3
13390.0,1
13391.0,1
13394.0,8
13395.0,1
13396.0,2
13397.0,5
13398.0,1
13402.0,2
13403.0,1
13404.0,2
13405.0,2
13408.0,62
13410.0,5
13411.0,1
13414.0,3
13416.0,2
13417.0,2
13418.0,18
13419.0,1
13420.0,2
13421.0,2
13422.0,1
13425.0,3
13426.0,10
13427.0,3
13428.0,1
13429.0,4
13430.0,2
13431.0,2
13434.0,2
13435.0,7
13436.0,1
13437.0,7
13439.0,1
13441.0,1
13447.0,3
13448.0,6
13449.0,1
13450.0,6
13451.0,5
13452.0,2
13453.0,2
13455.0,2
13456.0,6
13458.0,14
13460.0,2
13461.0,3
13462.0,1
13464.0,1
13466.0,1
13467.0,2
13468.0,37
13470.0,2
13471.0,4
13473.0,2
13474.0,1
13475.0,4
13476.0,2
13477.0,6
13479.0,2
13481.0,5
13482.0,1
13483.0,1
13484.0,1
13485.0,1
13486.0,3
13487.0,3
13488.0,13
13489.0,4
13491.0,10
13492.0,3
13493.0,2
13494.0,1
13495.0,5
13496.0,2
13497.0,2
13499.0,5
13500.0,3
13501.0,1
13502.0,3
13503.0,1
13504.0,1
13505.0,4
13506.0,2
13507.0,4
13508.0,1
13509.0,6
13510.0,4
13512.0,1
13513.0,1
13514.0,1
13515.0,4
13516.0,3
13517.0,3
13518.0,1
13519.0,1
13520.0,6
13521.0,3
13522.0,1
13523.0,5
13524.0,5
13525.0,2
13527.0,7
13529.0,2
13531.0,2
13532.0,1
13533.0,3
13534.0,25
13536.0,7
13538.0,7
13539.0,3
13544.0,2
13546.0,3
13548.0,2
13549.0,7
13551.0,1
13552.0,12
13555.0,4
13557.0,2
13558.0,4
13560.0,1
13561.0,1
13562.0,3
13563.0,2
13564.0,2
13565.0,2
13566.0,2
13568.0,1
13569.0,2
13570.0,1
13571.0,12
13572.0,1
13573.0,2
13575.0,5
13576.0,18
13577.0,4
13579.0,2
13581.0,1
13583.0,1
13584.0,1
13587.0,1
13588.0,9
13589.0,2
13590.0,6
13591.0,3
13592.0,4
13593.0,5
13594.0,1
13596.0,2
13598.0,1
13599.0,21
13600.0,1
13601.0,2
13602.0,1
13603.0,1
13606.0,3
13607.0,1
13610.0,7
13611.0,3
13614.0,4
13615.0,1
13617.0,3
13618.0,1
13621.0,1
13623.0,5
13626.0,1
13627.0,5
13629.0,11
13630.0,7
13631.0,11
13632.0,5
13634.0,5
13635.0,1
13636.0,5
13637.0,3
13638.0,1
13639.0,1
13642.0,1
13643.0,3
13644.0,4
13645.0,1
13647.0,4
13649.0,2
13650.0,6
13651.0,1
13652.0,3
13654.0,6
13655.0,2
13656.0,2
13657.0,2
13658.0,5
13659.0,2
13662.0,3
13663.0,1
13666.0,3
13667.0,1
13668.0,21
13669.0,2
13670.0,1
13672.0,2
13673.0,2
13675.0,2
13678.0,1
13680.0,4
13681.0,4
13682.0,1
13684.0,1
13685.0,7
13686.0,1
13689.0,1
13690.0,1
13692.0,3
13694.0,50
13695.0,15
13697.0,1
13699.0,1
13700.0,10
13703.0,1
13704.0,9
13705.0,3
13706.0,1
13707.0,2
13708.0,1
13709.0,13
13710.0,1
13711.0,2
13712.0,1
13715.0,5
13716.0,1
13717.0,6
13718.0,2
13719.0,5
13720.0,4
13721.0,1
13722.0,3
13723.0,1
13725.0,8
13726.0,2
13727.0,2
13728.0,6
13730.0,2
13731.0,2
13732.0,1
13735.0,4
13736.0,2
13737.0,1
13739.0,1
13740.0,1
13741.0,3
13742.0,12
13743.0,7
13744.0,2
13745.0,1
13747.0,1
13748.0,5
13750.0,5
13751.0,1
13752.0,6
13753.0,1
13754.0,2
13755.0,9
13756.0,14
13758.0,7
13759.0,2
13760.0,2
13761.0,2
13762.0,1
13763.0,1
13764.0,3
13767.0,37
13769.0,10
13771.0,4
13772.0,3
13774.0,1
13777.0,33
13778.0,1
13780.0,2
13781.0,1
13782.0,6
13784.0,11
13786.0,1
13787.0,2
13790.0,1
13791.0,2
13792.0,2
13798.0,57
13799.0,2
13800.0,1
13801.0,1
13802.0,3
13803.0,1
13804.0,7
13805.0,2
13806.0,1
13807.0,1
13808.0,5
13809.0,1
13810.0,2
13811.0,2
13812.0,3
13813.0,4
13814.0,2
13815.0,4
13816.0,2
13817.0,2
13819.0,3
13821.0,2
13822.0,2
13823.0,2
13824.0,5
13826.0,1
13827.0,3
13828.0,1
13831.0,6
13832.0,1
13833.0,1
13835.0,4
13837.0,2
13838.0,4
13841.0,1
13842.0,9
13844.0,1
13845.0,1
13846.0,3
13848.0,3
13849.0,2
13850.0,1
13851.0,3
13853.0,1
13854.0,25
13856.0,3
13858.0,1
13859.0,1
13860.0,5
13862.0,8
13863.0,1
13865.0,4
13866.0,1
13867.0,3
13868.0,2
13869.0,4
13870.0,8
13871.0,13
13873.0,3
13874.0,1
13875.0,5
13876.0,1
13877.0,1
13878.0,1
13880.0,13
13881.0,20
13882.0,5
13883.0,5
13884.0,5
13885.0,2
13886.0,1
13887.0,1
13888.0,2
13889.0,1
13890.0,10
13892.0,4
13893.0,1
13894.0,3
13895.0,4
13897.0,1
13898.0,1
13899.0,2
13900.0,3
13901.0,5
13904.0,2
13908.0,4
13911.0,9
13914.0,2
13917.0,2
13918.0,2
13919.0,2
13922.0,1
13923.0,1
13924.0,6
13925.0,4
13926.0,1
13927.0,1
13928.0,4
13929.0,2
13930.0,2
13931.0,2
13932.0,1
13933.0,2
13934.0,1
13936.0,1
13937.0,1
13938.0,1
13939.0,3
13940.0,4
13941.0,5
13946.0,3
13947.0,1
13948.0,1
13949.0,6
13950.0,4
13951.0,3
13952.0,2
13953.0,7
13954.0,2
13955.0,2
13956.0,5
13959.0,3
13960.0,2
13962.0,2
13963.0,4
13967.0,1
13969.0,18
13971.0,8
13972.0,2
13973.0,1
13974.0,1
13975.0,6
13976.0,1
13978.0,2
13979.0,1
13980.0,1
13982.0,4
13983.0,12
13984.0,5
13985.0,15
13986.0,1
13988.0,6
13989.0,2
13990.0,1
13991.0,6
13992.0,1
13993.0,9
13994.0,6
13995.0,5
13999.0,12
14000.0,1
14001.0,3
14002.0,2
14004.0,7
14005.0,5
14006.0,3
14009.0,2
14012.0,1
14013.0,3
14014.0,1
14015.0,1
14016.0,4
14019.0,3
14020.0,2
14021.0,3
14022.0,1
14023.0,2
14024.0,2
14027.0,1
14029.0,2
14030.0,8
14031.0,19
14032.0,11
14034.0,3
14035.0,5
14036.0,1
14037.0,2
14038.0,3
14039.0,1
14040.0,12
14041.0,1
14044.0,4
14045.0,4
14046.0,1
14047.0,5
14048.0,1
14049.0,4
14050.0,2
14051.0,23
14052.0,1
14053.0,2
14054.0,1
14055.0,1
14056.0,23
14057.0,17
14059.0,1
14060.0,19
14062.0,12
14064.0,5
14066.0,1
14067.0,2
14068.0,1
14071.0,8
14073.0,1
14075.0,3
14076.0,1
14077.0,5
14078.0,6
14079.0,1
14080.0,1
14081.0,2
14082.0,1
14083.0,9
14085.0,18
14087.0,1
14088.0,13
14089.0,1
14090.0,1
14092.0,14
14093.0,1
14096.0,17
14098.0,1
14099.0,11
14100.0,1
14101.0,6
14102.0,5
14104.0,2
14105.0,1
14107.0,7
14108.0,2
14109.0,1
14110.0,12
14111.0,4
14112.0,7
14113.0,4
14114.0,2
14116.0,5
14117.0,1
14121.0,4
14124.0,1
14125.0,3
14126.0,3
14127.0,3
14128.0,2
14129.0,5
14130.0,1
14132.0,11
14133.0,3
14135.0,15
14138.0,2
14139.0,1
14140.0,2
14141.0,4
14142.0,1
14143.0,1
14145.0,4
14146.0,5
14147.0,2
14148.0,1
14149.0,1
14150.0,2
14152.0,2
14154.0,2
14155.0,1
14156.0,54
14157.0,2
14158.0,1
14159.0,11
14161.0,3
14162.0,2
14163.0,4
14164.0,2
14165.0,1
14167.0,4
14171.0,1
14173.0,4
14174.0,1
14175.0,3
14176.0,4
14177.0,4
14178.0,7
14179.0,2
14180.0,25
14184.0,1
14185.0,1
14188.0,6
14189.0,15
14191.0,13
14193.0,2
14194.0,21
14195.0,2
14196.0,1
14198.0,4
14199.0,1
14201.0,7
14204.0,1
14205.0,2
14206.0,1
14208.0,1
14209.0,6
14210.0,6
14211.0,9
14212.0,1
14214.0,5
14215.0,6
14216.0,4
14217.0,17
14218.0,1
14219.0,1
14220.0,2
14221.0,9
14222.0,1
14223.0,3
14224.0,4
14226.0,5
14227.0,10
14229.0,3
14231.0,3
14232.0,5
14233.0,4
14234.0,4
14235.0,5
14236.0,2
14237.0,1
14238.0,1
14239.0,11
14240.0,2
14241.0,1
14242.0,2
14243.0,10
14245.0,2
14246.0,3
14247.0,1
14248.0,1
14250.0,3
14251.0,5
14256.0,2
14257.0,5
14258.0,9
14259.0,1
14261.0,2
14262.0,8
14264.0,2
14265.0,2
14267.0,3
14270.0,1
14271.0,1
14272.0,2
14273.0,4
14276.0,3
14277.0,3
14280.0,1
14282.0,15
14284.0,2
14285.0,4
14286.0,3
14287.0,3
14288.0,1
14289.0,6
14290.0,5
14291.0,11
14292.0,9
14293.0,4
14295.0,1
14297.0,4
14298.0,44
14299.0,9
14300.0,1
14301.0,1
14304.0,1
14305.0,3
14306.0,2
14307.0,6
14309.0,9
14311.0,1
14312.0,6
14314.0,1
14315.0,6
14317.0,1
14320.0,2
14321.0,5
14323.0,2
14326.0,1
14327.0,1
14329.0,7
14331.0,2
14332.0,3
14333.0,1
14334.0,8
14335.0,2
14336.0,4
14338.0,2
14339.0,1
14340.0,1
14341.0,8
14342.0,4
14344.0,8
14345.0,1
14346.0,2
14348.0,1
14349.0,1
14350.0,1
14351.0,1
14352.0,4
14353.0,1
14354.0,2
14355.0,1
14356.0,2
14357.0,1
14359.0,3
14360.0,4
14362.0,1
14364.0,8
14367.0,16
14368.0,1
14371.0,1
14373.0,1
14375.0,1
14377.0,2
14379.0,2
14381.0,1
14382.0,1
14383.0,3
14385.0,3
14386.0,1
14387.0,3
14388.0,8
14389.0,2
14390.0,9
14393.0,1
14395.0,9
14396.0,2
14397.0,19
14400.0,1
14401.0,13
14403.0,4
14404.0,6
14406.0,1
14407.0,5
14408.0,7
14409.0,6
14410.0,9
14411.0,1
14412.0,2
14413.0,1
14414.0,7
14415.0,13
14416.0,2
14418.0,3
14419.0,6
14420.0,1
14421.0,2
14422.0,6
14423.0,1
14424.0,1
14426.0,10
14427.0,2
14428.0,5
14431.0,1
14432.0,6
14434.0,6
14436.0,1
14437.0,1
14438.0,1
14439.0,1
14440.0,5
14441.0,4
14442.0,2
14443.0,4
14446.0,4
14447.0,5
14448.0,2
14449.0,4
14450.0,3
14451.0,2
14452.0,2
14453.0,1
14456.0,9
14457.0,1
14459.0,1
14460.0,3
14461.0,3
14462.0,11
14463.0,3
14465.0,3
14466.0,7
14467.0,4
14470.0,2
14472.0,8
14473.0,2
14474.0,1
14475.0,3
14476.0,1
14477.0,4
14479.0,2
14480.0,1
14481.0,2
14482.0,6
14483.0,1
14484.0,1
14485.0,1
14487.0,6
14488.0,1
14489.0,1
14491.0,2
14493.0,5
14494.0,1
14495.0,2
14496.0,2
14497.0,1
14498.0,5
14499.0,3
14500.0,3
14501.0,2
14502.0,11
14503.0,6
14504.0,4
14505.0,8
14506.0,5
14507.0,6
14508.0,2
14511.0,5
14512.0,2
14513.0,3
14514.0,3
14515.0,6
14517.0,2
14518.0,1
14520.0,2
14522.0,4
14523.0,1
14524.0,9
14525.0,9
14527.0,55
14528.0,1
14529.0,3
14530.0,6
14532.0,4
14533.0,7
14534.0,18
14535.0,3
14536.0,1
14537.0,1
14538.0,2
14539.0,2
14540.0,3
14541.0,8
14542.0,1
14543.0,16
14544.0,2
14546.0,5
14547.0,8
14548.0,2
14549.0,1
14550.0,2
14551.0,2
14552.0,1
14553.0,5
14554.0,4
14555.0,2
14557.0,1
14560.0,22
14561.0,3
14562.0,18
14565.0,4
14566.0,1
14567.0,2
14569.0,1
14570.0,2
14572.0,7
14573.0,9
14576.0,1
14577.0,4
14578.0,1
14581.0,1
14582.0,1
14583.0,5
14584.0,4
14585.0,1
14586.0,1
14587.0,9
14589.0,1
14591.0,4
14592.0,3
14593.0,3
14594.0,2
14595.0,6
14597.0,2
14598.0,1
14600.0,1
14601.0,1
14603.0,1
14606.0,90
14607.0,12
14608.0,4
14609.0,4
14616.0,3
14618.0,3
14619.0,1
14620.0,2
14621.0,5
14622.0,1
14623.0,5
14624.0,2
14625.0,2
14626.0,4
14628.0,2
14629.0,2
14631.0,3
14632.0,1
14633.0,1
14636.0,2
14638.0,1
14639.0,6
14640.0,6
14641.0,1
14642.0,1
14643.0,2
14644.0,2
14645.0,2
14646.0,72
14647.0,1
14649.0,4
14651.0,2
14652.0,1
14653.0,7
14655.0,4
14656.0,2
14657.0,4
14658.0,2
14659.0,9
14660.0,2
14661.0,1
14662.0,4
14664.0,2
14665.0,5
14666.0,1
14667.0,25
14669.0,3
14670.0,2
14672.0,2
14673.0,5
14675.0,1
14676.0,6
14680.0,16
14681.0,3
14682.0,2
14684.0,5
14687.0,1
14688.0,21
14689.0,1
14690.0,2
14691.0,5
14692.0,4
14693.0,1
14696.0,7
14697.0,2
14698.0,5
14699.0,1
14700.0,3
14701.0,9
14702.0,17
14703.0,1
14704.0,7
14705.0,1
14708.0,3
14709.0,13
14710.0,4
14711.0,11
14712.0,3
14713.0,11
14714.0,1
14715.0,4
14716.0,2
14719.0,5
14720.0,3
14722.0,1
14723.0,6
14725.0,1
14727.0,1
14729.0,1
14730.0,8
14731.0,3
14732.0,8
14733.0,12
14735.0,31
14737.0,3
14738.0,7
14739.0,7
14740.0,3
14741.0,6
14744.0,7
14745.0,5
14747.0,1
14748.0,5
14752.0,1
14753.0,1
14754.0,2
14755.0,11
14756.0,1
14757.0,1
14758.0,4
14759.0,3
14760.0,1
14761.0,2
14762.0,1
14764.0,1
14765.0,3
14766.0,6
14768.0,2
14769.0,8
14770.0,2
14772.0,1
14775.0,3
14776.0,11
14778.0,2
14779.0,3
14780.0,2
14782.0,1
14784.0,2
14785.0,2
14788.0,2
14789.0,1
14790.0,4
14792.0,1
14793.0,1
14794.0,7
14795.0,1
14796.0,17
14798.0,3
14799.0,1
14800.0,12
14801.0,1
14803.0,3
14804.0,1
14805.0,4
14806.0,1
14808.0,8
14810.0,11
14813.0,2
14815.0,2
14816.0,1
14817.0,2
14818.0,3
14819.0,2
14820.0,4
14821.0,1
14823.0,3
14824.0,4
14825.0,12
14828.0,3
14829.0,4
14830.0,1
14834.0,6
14836.0,3
14837.0,4
14840.0,1
14841.0,6
14842.0,4
14844.0,4
14847.0,1
14849.0,25
14850.0,1
14851.0,2
14852.0,6
14853.0,2
14854.0,7
14855.0,2
14856.0,3
14857.0,2
14859.0,4
14860.0,1
14861.0,1
14862.0,2
14863.0,1
14865.0,2
14866.0,11
14867.0,3
14868.0,8
14869.0,2
14870.0,1
14871.0,4
14873.0,1
14875.0,2
14878.0,9
14880.0,3
14881.0,1
14882.0,2
14883.0,6
14885.0,1
14886.0,1
14887.0,1
14888.0,1
14889.0,1
14890.0,1
14891.0,2
14893.0,2
14894.0,1
14895.0,20
14896.0,2
14897.0,4
14898.0,6
14901.0,9
14902.0,1
14903.0,5
14904.0,2
14905.0,2
14907.0,7
14908.0,1
14910.0,4
14911.0,198
14912.0,2
14913.0,4
14915.0,2
14916.0,4
14918.0,2
14920.0,2
14921.0,2
14923.0,1
14924.0,1
14929.0,1
14930.0,3
14931.0,4
14932.0,1
14934.0,2
14935.0,1
14936.0,8
14937.0,3
14944.0,12
14946.0,1
14947.0,2
14948.0,6
14950.0,1
14951.0,1
14952.0,11
14953.0,1
14954.0,1
14957.0,1
14958.0,3
14959.0,4
14960.0,2
14961.0,9
14962.0,1
14963.0,5
14964.0,1
14965.0,2
14966.0,1
14967.0,1
14968.0,1
14970.0,4
14971.0,3
14972.0,1
14973.0,3
14974.0,1
14975.0,1
14976.0,6
14978.0,5
14981.0,1
14984.0,2
14985.0,2
14987.0,2
14988.0,1
14995.0,2
14997.0,3
14998.0,2
15000.0,1
15002.0,4
15004.0,1
15005.0,28
15006.0,1
15007.0,1
15009.0,3
15010.0,1
15012.0,2
15014.0,2
15016.0,1
15017.0,1
15018.0,3
15019.0,1
15021.0,9
15022.0,4
15023.0,11
15024.0,10
15025.0,1
15026.0,3
15027.0,4
15028.0,4
15030.0,2
15031.0,4
15032.0,3
15033.0,10
15034.0,8
15035.0,1
15036.0,3
15038.0,6
15039.0,47
15041.0,1
15042.0,1
15043.0,1
15044.0,17
15045.0,2
15046.0,15
15047.0,1
15048.0,4
15049.0,1
15050.0,3
15051.0,3
15052.0,1
15053.0,3
15054.0,2
15057.0,2
15058.0,11
15059.0,9
15060.0,4
15061.0,48
15062.0,4
15063.0,1
15065.0,4
15066.0,1
15067.0,3
15068.0,2
15069.0,1
15070.0,1
15071.0,2
15073.0,3
15074.0,1
15075.0,1
15076.0,1
15078.0,32
15079.0,4
15081.0,5
15083.0,1
15087.0,1
15088.0,2
15089.0,6
15090.0,1
15091.0,1
15092.0,2
15093.0,6
15095.0,4
15096.0,1
15097.0,1
15098.0,3
15099.0,1
15100.0,3
15101.0,2
15103.0,2
15104.0,2
15105.0,7
15106.0,5
15107.0,6
15108.0,3
15109.0,1
15110.0,4
15111.0,3
15113.0,3
15114.0,10
15115.0,1
15116.0,4
15117.0,5
15118.0,1
15119.0,1
15120.0,1
15121.0,2
15122.0,3
15123.0,2
15124.0,2
15125.0,15
15127.0,1
15128.0,4
15129.0,11
15130.0,1
15132.0,5
15133.0,3
15134.0,8
15135.0,1
15136.0,4
15139.0,2
15140.0,7
15142.0,1
15143.0,1
15144.0,17
15145.0,4
15146.0,2
15147.0,1
15148.0,1
15149.0,1
15150.0,10
15152.0,13
15153.0,1
15154.0,1
15156.0,3
15157.0,3
15158.0,1
15159.0,30
15160.0,1
15163.0,2
15164.0,3
15165.0,1
15167.0,1
15168.0,1
15171.0,1
15172.0,5
15174.0,1
15175.0,1
15178.0,1
15179.0,5
15180.0,1
15181.0,3
15182.0,2
15184.0,2
15185.0,1
15186.0,2
15187.0,15
15189.0,41
15192.0,3
15193.0,1
15194.0,15
15195.0,1
15197.0,3
15198.0,2
15199.0,4
15201.0,5
15203.0,6
15204.0,1
15205.0,2
15206.0,4
15208.0,5
15210.0,1
15211.0,2
15212.0,1
15213.0,2
15214.0,8
15215.0,3
15216.0,1
15218.0,11
15219.0,1
15220.0,6
15221.0,1
15222.0,1
15223.0,2
15224.0,2
15225.0,1
15226.0,1
15227.0,5
15228.0,4
15230.0,2
15232.0,2
15234.0,1
15235.0,12
15236.0,1
15237.0,4
15238.0,3
15239.0,2
15240.0,5
15241.0,8
15243.0,1
15244.0,2
15245.0,3
15246.0,2
15247.0,1
15249.0,13
15251.0,11
15252.0,2
15253.0,5
15254.0,1
15255.0,1
15256.0,1
15257.0,1
15258.0,2
15260.0,7
15261.0,1
15262.0,1
15263.0,1
15264.0,1
15265.0,2
15266.0,1
15267.0,5
15269.0,1
15270.0,7
15271.0,15
15272.0,2
15274.0,2
15275.0,1
15276.0,1
15277.0,1
15279.0,1
15280.0,1
15281.0,9
15286.0,1
15287.0,2
15288.0,5
15289.0,3
15290.0,18
15291.0,14
15292.0,1
15296.0,6
15297.0,3
15298.0,12
15299.0,6
15300.0,1
15301.0,12
15303.0,1
15304.0,8
15306.0,3
15307.0,1
15308.0,1
15311.0,91
15312.0,4
15313.0,1
15314.0,1
15315.0,2
15316.0,1
15318.0,1
15319.0,1
15320.0,1
15321.0,3
15322.0,1
15325.0,1
15326.0,1
15327.0,1
15329.0,3
15330.0,2
15332.0,4
15333.0,1
15334.0,3
15335.0,1
15339.0,2
15341.0,1
15342.0,1
15343.0,1
15344.0,3
15345.0,1
15346.0,1
15347.0,1
15348.0,1
15349.0,2
15350.0,1
15351.0,7
15353.0,2
15355.0,2
15356.0,10
15358.0,22
15360.0,1
15361.0,1
15363.0,1
15364.0,2
15365.0,7
15366.0,2
15367.0,4
15368.0,1
15370.0,7
15372.0,1
15373.0,12
15374.0,1
15376.0,3
15379.0,7
15380.0,5
15381.0,2
15382.0,6
15384.0,2
15385.0,1
15386.0,1
15388.0,1
15389.0,1
15392.0,4
15393.0,2
15394.0,4
15395.0,1
15396.0,1
15397.0,1
15398.0,2
15399.0,3
15400.0,5
15402.0,2
15405.0,1
15406.0,2
15407.0,4
15408.0,1
15410.0,8
15411.0,4
15412.0,1
15414.0,3
15415.0,1
15416.0,4
15417.0,1
15419.0,1
15421.0,4
15422.0,2
15423.0,1
15424.0,2
15426.0,5
15427.0,3
15428.0,1
15429.0,2
15432.0,1
15433.0,2
15434.0,5
15435.0,1
15436.0,3
15437.0,1
15438.0,1
15440.0,3
15442.0,1
15443.0,7
15444.0,2
15445.0,1
15447.0,1
15448.0,1
15449.0,3
15450.0,1
15452.0,3
15453.0,7
15454.0,1
15456.0,3
15457.0,1
15458.0,1
15460.0,1
15462.0,3
15463.0,1
15464.0,1
15465.0,18
15466.0,1
15467.0,3
15468.0,2
15469.0,2
15471.0,1
15472.0,1
15473.0,7
15475.0,1
15478.0,2
15480.0,1
15482.0,11
15483.0,4
15484.0,4
15485.0,3
15488.0,1
15489.0,3
15491.0,6
15492.0,2
15493.0,5
15494.0,2
15497.0,2
15498.0,27
15500.0,4
15502.0,10
15503.0,1
15504.0,1
15505.0,5
15506.0,3
15507.0,1
15508.0,6
15510.0,1
15511.0,5
15512.0,2
15513.0,19
15514.0,11
15516.0,3
15517.0,1
15518.0,8
15520.0,1
15521.0,8
15522.0,2
15523.0,1
15524.0,1
15525.0,3
15526.0,2
15527.0,8
15528.0,1
15529.0,11
15530.0,4
15531.0,2
15532.0,4
15533.0,3
15535.0,4
15537.0,1
15539.0,1
15540.0,1
15541.0,1
15543.0,1
15544.0,9
15545.0,2
15547.0,14
15549.0,3
15550.0,4
15551.0,1
15552.0,1
15553.0,1
15554.0,1
15555.0,16
15556.0,1
15557.0,1
15561.0,4
15562.0,1
15563.0,3
15565.0,2
15567.0,1
15568.0,3
15569.0,5
15570.0,12
15571.0,4
15572.0,7
15573.0,2
15574.0,4
15576.0,1
15577.0,3
15578.0,1
15579.0,2
15581.0,10
15582.0,3
15584.0,4
15585.0,1
15587.0,4
15589.0,3
15592.0,1
15593.0,1
15594.0,5
15596.0,5
15597.0,1
15598.0,1
15599.0,2
15601.0,14
15602.0,9
15603.0,1
15604.0,1
15605.0,5
15606.0,9
15607.0,1
15608.0,4
15609.0,1
15610.0,1
15611.0,11
15612.0,2
15615.0,23
15618.0,4
15619.0,1
15620.0,3
15621.0,4
15622.0,9
15623.0,1
15624.0,4
15625.0,4
15626.0,2
15628.0,9
15630.0,2
15632.0,8
15634.0,1
15636.0,2
15637.0,1
15639.0,1
15640.0,15
15641.0,4
15643.0,3
15644.0,4
15645.0,1
15646.0,3
15648.0,2
15649.0,2
15651.0,3
15652.0,1
15653.0,2
15654.0,2
15655.0,1
15656.0,4
15657.0,1
15658.0,5
15659.0,1
15660.0,9
15661.0,2
15663.0,1
15664.0,1
15665.0,2
15667.0,1
15668.0,1
15669.0,4
15670.0,1
15671.0,7
15673.0,4
15674.0,4
15675.0,3
15676.0,3
15677.0,1
15678.0,1
15679.0,4
15680.0,3
15681.0,5
15683.0,1
15687.0,9
15689.0,2
15690.0,2
15691.0,1
15692.0,1
15694.0,13
15695.0,2
15696.0,8
15699.0,1
15700.0,2
15701.0,4
15703.0,1
15704.0,4
15705.0,1
15706.0,4
15707.0,4
15708.0,7
15709.0,1
15712.0,5
15713.0,2
15714.0,2
15716.0,4
15717.0,1
15719.0,13
15720.0,1
15721.0,1
15722.0,5
15723.0,1
15724.0,2
15725.0,1
15727.0,7
15729.0,1
15730.0,3
15732.0,2
15733.0,1
15734.0,2
15737.0,8
15738.0,16
15739.0,1
15740.0,1
15743.0,4
15744.0,1
15745.0,4
15746.0,1
15747.0,3
15748.0,1
15749.0,3
15750.0,8
15752.0,7
15753.0,1
15754.0,3
15755.0,6
15756.0,4
15757.0,2
15758.0,1
15759.0,3
15762.0,2
15763.0,2
15764.0,6
15766.0,1
15768.0,3
15769.0,26
15773.0,1
15774.0,1
15775.0,1
15776.0,1
15777.0,4
15780.0,3
15781.0,3
15782.0,3
15783.0,1
15785.0,5
15786.0,3
15787.0,3
15789.0,1
15790.0,1
15791.0,2
15793.0,3
15795.0,1
15796.0,8
15797.0,3
15799.0,3
15800.0,2
15801.0,3
15803.0,1
15804.0,13
15805.0,17
15806.0,3
15807.0,3
15808.0,4
15809.0,5
15810.0,4
15811.0,6
15812.0,5
15813.0,2
15814.0,4
15815.0,5
15819.0,4
15820.0,1
15821.0,2
15822.0,2
15825.0,1
15826.0,3
15827.0,14
15829.0,2
15830.0,1
15831.0,3
15832.0,1
15834.0,4
15835.0,4
15836.0,1
15837.0,1
15838.0,19
15839.0,3
15840.0,2
15841.0,4
15843.0,1
15844.0,1
15845.0,8
15847.0,2
15850.0,2
15852.0,2
15853.0,1
15854.0,12
15855.0,5
15856.0,27
15857.0,1
15858.0,5
15860.0,8
15861.0,8
15862.0,4
15863.0,2
15864.0,6
15865.0,3
15866.0,1
15867.0,15
15869.0,2
15870.0,1
15872.0,2
15874.0,7
15877.0,2
15880.0,1
15881.0,5
15882.0,4
15883.0,2
15885.0,1
15886.0,1
15888.0,1
15889.0,2
15891.0,1
15894.0,2
15895.0,1
15897.0,2
15898.0,5
15899.0,1
15900.0,1
15901.0,3
15903.0,7
15904.0,1
15906.0,7
15907.0,3
15909.0,1
15910.0,8
15912.0,2
15916.0,8
15917.0,1
15918.0,2
15919.0,2
15920.0,3
15921.0,1
15922.0,1
15923.0,1
15925.0,1
15930.0,1
15932.0,8
15933.0,3
15935.0,1
15937.0,1
15938.0,5
15939.0,14
15940.0,1
15942.0,1
15944.0,1
15945.0,1
15947.0,1
15948.0,2
15949.0,2
15950.0,4
15951.0,2
15952.0,4
15953.0,8
15955.0,14
15957.0,1
15958.0,1
15963.0,2
15965.0,4
15967.0,2
15969.0,3
15970.0,1
15971.0,12
15973.0,1
15974.0,7
15975.0,1
15976.0,2
15977.0,2
15978.0,1
15980.0,3
15981.0,8
15983.0,4
15984.0,10
15985.0,2
15986.0,1
15987.0,7
15988.0,1
15990.0,2
15992.0,1
15993.0,7
15994.0,1
15996.0,6
15998.0,5
16000.0,3
16003.0,5
16005.0,4
16006.0,1
16007.0,4
16008.0,3
16009.0,4
16010.0,3
16011.0,16
16012.0,3
16013.0,47
16014.0,3
16015.0,3
16016.0,8
16017.0,1
16018.0,2
16019.0,9
16020.0,3
16022.0,1
16023.0,3
16024.0,1
16025.0,1
16026.0,1
16027.0,6
16029.0,62
16030.0,1
16031.0,2
16033.0,20
16034.0,3
16036.0,2
16037.0,3
16038.0,3
16040.0,3
16041.0,3
16042.0,5
16043.0,4
16045.0,4
16048.0,2
16049.0,3
16050.0,1
16052.0,1
16053.0,2
16054.0,1
16055.0,1
16056.0,1
16057.0,7
16059.0,6
16062.0,4
16063.0,1
16065.0,1
16066.0,5
16070.0,2
16071.0,1
16072.0,1
16073.0,1
16076.0,10
16078.0,1
16079.0,3
16080.0,2
16081.0,5
16083.0,2
16084.0,1
16085.0,5
16086.0,5
16091.0,2
16092.0,3
16093.0,1
16094.0,4
16096.0,1
16097.0,1
16098.0,7
16099.0,3
16101.0,1
16102.0,3
16103.0,6
16104.0,1
16105.0,1
16106.0,1
16107.0,7
16108.0,1
16109.0,2
16110.0,3
16112.0,4
16113.0,1
16114.0,1
16115.0,8
16116.0,1
16117.0,1
16119.0,2
16120.0,4
16121.0,2
16122.0,4
16123.0,1
16124.0,1
16125.0,1
16126.0,4
16127.0,1
16128.0,5
16131.0,6
16133.0,33
16134.0,2
16135.0,1
16136.0,3
16139.0,3
16140.0,2
16141.0,1
16142.0,1
16143.0,6
16144.0,1
16145.0,11
16146.0,3
16147.0,1
16148.0,1
16149.0,2
16150.0,5
16152.0,1
16153.0,5
16156.0,9
16157.0,3
16159.0,1
16160.0,2
16161.0,19
16162.0,1
16163.0,2
16164.0,3
16168.0,27
16169.0,4
16170.0,6
16171.0,1
16172.0,5
16173.0,6
16174.0,3
16175.0,4
16177.0,1
16178.0,1
16179.0,1
16180.0,8
16181.0,1
16182.0,4
16183.0,1
16184.0,6
16185.0,2
16186.0,12
16187.0,15
16188.0,4
16189.0,2
16190.0,1
16191.0,13
16193.0,1
16198.0,1
16200.0,2
16201.0,4
16202.0,1
16203.0,4
16204.0,1
16205.0,4
16206.0,4
16207.0,1
16208.0,2
16209.0,5
16210.0,17
16211.0,1
16212.0,2
16213.0,1
16214.0,3
16215.0,1
16216.0,1
16217.0,2
16218.0,7
16221.0,3
16222.0,1
16224.0,4
16225.0,5
16226.0,3
16227.0,1
16229.0,2
16230.0,2
16232.0,4
16233.0,3
16235.0,4
16236.0,1
16239.0,2
16240.0,2
16241.0,13
16242.0,7
16243.0,2
16244.0,2
16245.0,3
16247.0,1
16248.0,1
16249.0,5
16250.0,2
16253.0,2
16255.0,8
16256.0,1
16257.0,1
16258.0,5
16260.0,1
16261.0,4
16265.0,9
16266.0,7
16268.0,2
16270.0,1
16271.0,4
16272.0,1
16274.0,1
16275.0,1
16276.0,1
16278.0,1
16279.0,3
16281.0,1
16282.0,1
16283.0,5
16284.0,2
16287.0,1
16292.0,1
16293.0,10
16295.0,4
16297.0,1
16298.0,3
16302.0,1
16303.0,3
16305.0,1
16306.0,6
16308.0,4
16309.0,2
16311.0,2
16313.0,2
16315.0,1
16316.0,8
16317.0,3
16318.0,1
16319.0,1
16320.0,2
16321.0,5
16322.0,2
16323.0,1
16324.0,3
16325.0,3
16326.0,14
16327.0,6
16330.0,3
16332.0,7
16333.0,22
16337.0,1
16338.0,1
16339.0,1
16340.0,1
16341.0,4
16342.0,4
16343.0,2
16344.0,1
16345.0,1
16347.0,2
16348.0,7
16349.0,1
16350.0,4
16351.0,1
16352.0,2
16353.0,23
16354.0,2
16356.0,3
16357.0,3
16358.0,4
16359.0,9
16360.0,6
16361.0,4
16362.0,5
16363.0,1
16364.0,2
16365.0,9
16366.0,1
16367.0,2
16368.0,2
16369.0,3
16370.0,4
16372.0,2
16374.0,2
16376.0,2
16377.0,1
16378.0,3
16379.0,4
16380.0,1
16383.0,2
16384.0,2
16385.0,3
16386.0,2
16387.0,1
16389.0,4
16392.0,1
16393.0,13
16394.0,5
16395.0,5
16398.0,2
16399.0,2
16400.0,1
16401.0,12
16402.0,2
16403.0,1
16404.0,1
16405.0,2
16406.0,1
16407.0,10
16409.0,5
16411.0,2
16412.0,1
16413.0,1
16414.0,2
16415.0,1
16416.0,3
16418.0,3
16419.0,6
16422.0,51
16423.0,1
16424.0,1
16425.0,1
16426.0,10
16427.0,2
16429.0,1
16430.0,1
16431.0,3
16432.0,1
16433.0,1
16434.0,7
16438.0,5
16440.0,5
16441.0,2
16442.0,3
16444.0,4
16445.0,1
16446.0,2
16447.0,1
16448.0,1
16449.0,2
16450.0,1
16451.0,1
16454.0,1
16455.0,7
16456.0,5
16457.0,1
16458.0,18
16460.0,3
16461.0,1
16462.0,3
16463.0,4
16464.0,3
16466.0,7
16468.0,1
16469.0,4
16470.0,4
16471.0,1
16473.0,3
16474.0,7
16475.0,4
16477.0,7
16478.0,3
16479.0,2
16480.0,1
16482.0,1
16483.0,1
16484.0,2
16485.0,1
16488.0,3
16491.0,1
16493.0,4
16494.0,1
16495.0,3
16496.0,3
16497.0,6
16498.0,2
16499.0,2
16500.0,6
16503.0,4
16504.0,1
16505.0,1
16506.0,2
16509.0,1
16510.0,1
16511.0,3
16513.0,4
16515.0,5
16516.0,1
16517.0,1
16518.0,2
16519.0,2
16520.0,3
16523.0,21
16525.0,26
16526.0,1
16527.0,1
16528.0,1
16529.0,1
16531.0,7
16532.0,3
16533.0,3
16535.0,1
16536.0,1
16539.0,4
16542.0,1
16545.0,1
16546.0,2
16549.0,10
16550.0,5
16551.0,3
16552.0,2
16553.0,12
16554.0,3
16555.0,2
16556.0,7
16557.0,2
16558.0,20
16560.0,2
16561.0,2
16563.0,1
16565.0,1
16566.0,5
16567.0,2
16569.0,1
16570.0,10
16571.0,3
16572.0,3
16573.0,2
16574.0,1
16581.0,1
16582.0,1
16583.0,1
16584.0,2
16586.0,1
16587.0,1
16589.0,3
16591.0,1
16592.0,16
16593.0,3
16594.0,1
16595.0,1
16596.0,2
16597.0,1
16598.0,1
16600.0,6
16601.0,1
16602.0,1
16603.0,2
16607.0,14
16609.0,7
16610.0,1
16611.0,1
16612.0,4
16613.0,1
16614.0,1
16616.0,2
16617.0,1
16618.0,5
16619.0,1
16620.0,2
16621.0,4
16623.0,1
16624.0,2
16625.0,1
16626.0,17
16627.0,1
16628.0,5
16629.0,2
16633.0,6
16634.0,2
16637.0,4
16638.0,10
16639.0,3
16641.0,1
16642.0,2
16643.0,1
16644.0,2
16647.0,2
16648.0,1
16650.0,1
16652.0,7
16653.0,2
16654.0,4
16655.0,6
16656.0,15
16657.0,4
16658.0,1
16659.0,1
16660.0,4
16665.0,1
16666.0,1
16667.0,2
16668.0,6
16669.0,2
16670.0,11
16671.0,3
16672.0,20
16674.0,2
16676.0,4
16678.0,12
16679.0,1
16680.0,1
16681.0,6
16682.0,5
16684.0,28
16685.0,2
16686.0,7
16688.0,4
16689.0,2
16690.0,2
16692.0,2
16693.0,2
16696.0,4
16697.0,1
16698.0,2
16700.0,13
16701.0,13
16705.0,20
16706.0,3
16708.0,1
16709.0,5
16710.0,10
16711.0,5
16712.0,11
16713.0,15
16714.0,2
16715.0,1
16716.0,2
16717.0,6
16718.0,1
16719.0,7
16720.0,1
16721.0,1
16722.0,13
16723.0,2
16725.0,6
16726.0,5
16727.0,1
16728.0,4
16729.0,21
16730.0,3
16732.0,1
16734.0,3
16735.0,5
16737.0,1
16738.0,1
16739.0,1
16743.0,7
16744.0,7
16745.0,17
16746.0,18
16747.0,2
16748.0,5
16750.0,5
16751.0,1
16752.0,1
16753.0,1
16754.0,1
16755.0,3
16756.0,1
16757.0,1
16758.0,1
16759.0,3
16761.0,1
16762.0,3
16763.0,1
16764.0,13
16765.0,1
16766.0,2
16767.0,11
16768.0,3
16769.0,1
16770.0,5
16771.0,5
16773.0,1
16774.0,4
16775.0,11
16776.0,1
16777.0,2
16778.0,2
16779.0,22
16780.0,2
16781.0,1
16782.0,13
16784.0,1
16788.0,2
16789.0,1
16790.0,6
16791.0,7
16792.0,2
16793.0,1
16794.0,10
16795.0,1
16796.0,1
16800.0,1
16801.0,4
16803.0,1
16804.0,3
16805.0,2
16806.0,4
16807.0,3
16808.0,2
16809.0,5
16810.0,1
16811.0,2
16812.0,1
16813.0,10
16814.0,21
16816.0,4
16817.0,9
16818.0,11
16820.0,1
16823.0,1
16824.0,2
16825.0,2
16826.0,1
16828.0,1
16829.0,1
16830.0,1
16832.0,3
16833.0,4
16834.0,1
16835.0,2
16836.0,2
16837.0,11
16838.0,2
16839.0,34
16841.0,6
16842.0,3
16843.0,16
16846.0,1
16847.0,1
16848.0,1
16849.0,1
16850.0,1
16851.0,3
16852.0,2
16855.0,2
16856.0,1
16858.0,1
16859.0,2
16861.0,2
16863.0,2
16866.0,3
16869.0,4
16871.0,6
16872.0,3
16873.0,6
16875.0,5
16877.0,6
16878.0,1
16880.0,7
16881.0,1
16882.0,3
16883.0,2
16884.0,2
16885.0,3
16887.0,1
16889.0,3
16891.0,5
16892.0,5
16893.0,1
16895.0,1
16897.0,2
16898.0,3
16899.0,6
16900.0,3
16902.0,1
16903.0,1
16904.0,15
16905.0,7
16906.0,4
16907.0,5
16909.0,1
16910.0,8
16912.0,11
16913.0,1
16914.0,1
16915.0,6
16916.0,2
16917.0,1
16918.0,6
16919.0,11
16921.0,1
16923.0,19
16924.0,3
16926.0,1
16927.0,3
16928.0,17
16929.0,7
16930.0,3
16931.0,21
16932.0,1
16933.0,2
16934.0,2
16936.0,1
16938.0,4
16940.0,3
16942.0,9
16943.0,3
16945.0,19
16947.0,1
16948.0,3
16949.0,6
16950.0,3
16951.0,3
16952.0,2
16953.0,1
16954.0,9
16955.0,4
16956.0,1
16957.0,2
16959.0,1
16960.0,3
16961.0,1
16963.0,1
16965.0,1
16966.0,7
16967.0,1
16968.0,2
16969.0,3
16971.0,1
16976.0,1
16978.0,1
16979.0,6
16980.0,2
16982.0,1
16983.0,7
16984.0,2
16985.0,10
16986.0,2
16987.0,7
16988.0,1
16989.0,6
16990.0,1
16992.0,5
16996.0,6
16997.0,3
16998.0,4
16999.0,2
17001.0,11
17002.0,3
17004.0,2
17006.0,4
17007.0,6
17010.0,1
17011.0,1
17014.0,3
17015.0,3
17017.0,20
17018.0,2
17019.0,4
17022.0,1
17024.0,3
17025.0,3
17026.0,2
17027.0,6
17029.0,2
17030.0,1
17031.0,2
17033.0,3
17034.0,3
17035.0,2
17037.0,1
17038.0,1
17040.0,1
17041.0,3
17042.0,5
17043.0,4
17044.0,1
17045.0,3
17046.0,1
17047.0,3
17048.0,3
17049.0,9
17050.0,6
17051.0,1
17052.0,1
17053.0,1
17054.0,5
17058.0,3
17059.0,5
17060.0,1
17061.0,11
17062.0,4
17063.0,7
17064.0,3
17068.0,21
17069.0,9
17070.0,1
17071.0,9
17073.0,4
17075.0,4
17076.0,3
17078.0,2
17079.0,1
17080.0,2
17081.0,2
17082.0,2
17083.0,3
17084.0,2
17085.0,5
17086.0,6
17088.0,4
17090.0,7
17091.0,9
17092.0,4
17094.0,1
17095.0,3
17096.0,4
17097.0,8
17100.0,2
17101.0,4
17102.0,1
17105.0,2
17107.0,6
17109.0,6
17110.0,1
17111.0,1
17114.0,8
17115.0,3
17117.0,1
17118.0,1
17119.0,2
17120.0,1
17122.0,1
17123.0,1
17124.0,1
17125.0,1
17126.0,5
17128.0,1
17131.0,5
17133.0,7
17134.0,2
17135.0,7
17138.0,1
17139.0,12
17140.0,1
17142.0,1
17144.0,2
17146.0,3
17147.0,4
17148.0,1
17152.0,3
17153.0,1
17154.0,1
17155.0,2
17157.0,2
17158.0,3
17159.0,3
17160.0,6
17162.0,10
17163.0,2
17164.0,7
17165.0,1
17166.0,2
17169.0,2
17171.0,1
17172.0,1
17173.0,8
17174.0,1
17175.0,4
17176.0,1
17179.0,3
17180.0,4
17181.0,2
17183.0,6
17186.0,2
17187.0,1
17188.0,7
17189.0,2
17190.0,2
17191.0,7
17193.0,7
17194.0,1
17197.0,1
17198.0,3
17201.0,1
17203.0,6
17204.0,4
17205.0,1
17206.0,1
17211.0,8
17212.0,1
17213.0,7
17214.0,6
17217.0,1
17218.0,10
17219.0,1
17220.0,14
17221.0,2
17222.0,1
17223.0,2
17226.0,1
17227.0,6
17228.0,8
17229.0,2
17230.0,8
17231.0,10
17232.0,2
17233.0,1
17234.0,1
17235.0,2
17236.0,6
17237.0,2
17238.0,17
17239.0,1
17242.0,2
17243.0,26
17244.0,1
17245.0,1
17247.0,1
17248.0,1
17250.0,2
17251.0,1
17252.0,2
17253.0,1
17254.0,2
17255.0,2
17256.0,2
17259.0,2
17262.0,5
17263.0,1
17265.0,2
17266.0,3
17267.0,2
17268.0,4
17272.0,4
17274.0,1
17277.0,2
17278.0,1
17279.0,1
17282.0,3
17284.0,6
17286.0,1
17287.0,7
17288.0,7
17289.0,3
17290.0,2
17291.0,1
17293.0,9
17295.0,3
17297.0,1
17298.0,2
17299.0,4
17301.0,1
17302.0,5
17303.0,1
17306.0,19
17309.0,1
17311.0,2
17312.0,3
17313.0,1
17314.0,8
17315.0,36
17317.0,3
17320.0,3
17321.0,2
17323.0,7
17324.0,4
17325.0,1
17329.0,2
17330.0,2
17331.0,1
17333.0,1
17334.0,2
17337.0,4
17338.0,8
17339.0,2
17340.0,11
17341.0,3
17343.0,1
17344.0,1
17345.0,4
17346.0,15
17347.0,1
17348.0,5
17349.0,1
17350.0,4
17351.0,3
17353.0,2
17354.0,1
17356.0,1
17357.0,2
17358.0,2
17359.0,1
17360.0,3
17361.0,3
17362.0,2
17364.0,11
17365.0,8
17367.0,1
17368.0,8
17370.0,4
17371.0,3
17372.0,8
17373.0,4
17374.0,2
17375.0,3
17376.0,2
17377.0,20
17379.0,1
17381.0,29
17382.0,1
17383.0,1
17384.0,2
17385.0,1
17386.0,6
17387.0,2
17388.0,4
17389.0,34
17391.0,2
17392.0,2
17394.0,1
17396.0,7
17397.0,2
17398.0,3
17400.0,5
17402.0,12
17403.0,1
17404.0,13
17405.0,3
17406.0,3
17408.0,1
17409.0,2
17410.0,5
17411.0,3
17412.0,7
17414.0,2
17415.0,1
17416.0,7
17418.0,2
17419.0,12
17420.0,3
17422.0,6
17423.0,2
17425.0,2
17426.0,6
17427.0,1
17428.0,28
17429.0,3
17430.0,2
17431.0,1
17432.0,2
17433.0,1
17434.0,7
17436.0,2
17438.0,1
17440.0,3
17442.0,6
17443.0,1
17444.0,2
17446.0,2
17447.0,2
17449.0,7
17450.0,46
17451.0,7
17453.0,2
17454.0,4
17455.0,1
17456.0,1
17457.0,5
17458.0,1
17459.0,2
17460.0,6
17461.0,3
17462.0,2
17463.0,5
17464.0,1
17466.0,2
17468.0,2
17469.0,5
17470.0,5
17472.0,3
17475.0,1
17480.0,1
17481.0,4
17483.0,3
17486.0,1
17489.0,2
17490.0,7
17491.0,10
17492.0,1
17495.0,2
17496.0,1
17498.0,1
17499.0,1
17500.0,3
17501.0,2
17502.0,4
17503.0,2
17504.0,9
17505.0,2
17506.0,1
17507.0,2
17508.0,1
17509.0,8
17510.0,1
17511.0,31
17512.0,10
17513.0,1
17514.0,1
17515.0,4
17516.0,5
17517.0,1
17519.0,6
17520.0,1
17521.0,3
17522.0,5
17523.0,4
17524.0,1
17525.0,1
17526.0,4
17527.0,4
17528.0,8
17530.0,10
17531.0,1
17534.0,1
17535.0,1
17536.0,1
17537.0,2
17538.0,1
17540.0,2
17542.0,1
17545.0,3
17548.0,1
17549.0,2
17550.0,3
17551.0,1
17552.0,4
17553.0,1
17554.0,5
17555.0,2
17556.0,1
17557.0,3
17560.0,4
17561.0,1
17562.0,7
17564.0,3
17566.0,2
17567.0,8
17569.0,1
17571.0,4
17572.0,4
17573.0,3
17574.0,1
17576.0,19
17578.0,1
17579.0,3
17580.0,3
17581.0,25
17582.0,1
17584.0,2
17585.0,4
17588.0,3
17589.0,4
17590.0,3
17591.0,7
17593.0,5
17594.0,2
17595.0,2
17596.0,7
17597.0,1
17600.0,1
17601.0,1
17602.0,6
17603.0,1
17604.0,2
17608.0,2
17609.0,5
17611.0,15
17612.0,6
17613.0,14
17614.0,1
17615.0,3
17616.0,3
17618.0,3
17619.0,1
17620.0,1
17621.0,3
17623.0,1
17624.0,2
17625.0,4
17628.0,1
17629.0,8
17630.0,2
17631.0,3
17633.0,4
17634.0,9
17636.0,1
17637.0,2
17639.0,1
17640.0,1
17642.0,2
17643.0,1
17644.0,11
17646.0,3
17647.0,1
17648.0,4
17649.0,1
17650.0,1
17651.0,10
17652.0,12
17653.0,4
17654.0,1
17655.0,7
17656.0,5
17658.0,2
17659.0,12
17660.0,1
17663.0,7
17664.0,2
17666.0,2
17667.0,5
17668.0,2
17669.0,7
17670.0,1
17671.0,4
17672.0,2
17673.0,6
17674.0,2
17675.0,31
17676.0,6
17677.0,30
17678.0,1
17679.0,2
17680.0,1
17682.0,6
17684.0,1
17685.0,7
17686.0,7
17690.0,15
17691.0,2
17692.0,4
17693.0,1
17694.0,1
17695.0,2
17696.0,8
17697.0,1
17698.0,1
17700.0,4
17701.0,1
17702.0,4
17703.0,3
17704.0,2
17705.0,9
17706.0,17
17707.0,2
17708.0,2
17709.0,1
17711.0,2
17712.0,1
17714.0,1
17715.0,1
17716.0,11
17718.0,1
17719.0,15
17720.0,4
17722.0,4
17723.0,6
17724.0,3
17725.0,11
17727.0,1
17728.0,3
17730.0,13
17731.0,4
17732.0,1
17733.0,2
17734.0,3
17735.0,19
17736.0,3
17737.0,2
17738.0,4
17739.0,7
17742.0,2
17744.0,6
17746.0,1
17747.0,1
17749.0,2
17750.0,9
17752.0,1
17754.0,5
17757.0,30
17758.0,8
17759.0,3
17760.0,2
17761.0,1
17763.0,1
17764.0,2
17765.0,3
17767.0,1
17768.0,3
17769.0,10
17770.0,5
17771.0,2
17772.0,2
17774.0,4
17775.0,1
17777.0,3
17779.0,3
17781.0,2
17783.0,2
17785.0,1
17786.0,2
17787.0,4
17788.0,2
17789.0,1
17790.0,14
17791.0,1
17793.0,1
17795.0,2
17796.0,4
17797.0,3
17799.0,10
17800.0,9
17802.0,3
17805.0,1
17806.0,1
17809.0,12
17811.0,39
17812.0,4
17813.0,5
17816.0,4
17817.0,3
17819.0,7
17824.0,1
17827.0,5
17828.0,4
17829.0,1
17830.0,3
17831.0,1
17832.0,1
17835.0,3
17836.0,1
17837.0,8
17838.0,5
17839.0,1
17841.0,124
17843.0,1
17844.0,1
17848.0,9
17849.0,4
17850.0,34
17852.0,2
17854.0,2
17855.0,1
17856.0,4
17857.0,22
17858.0,12
17859.0,1
17860.0,1
17861.0,8
17862.0,1
17863.0,6
17864.0,3
17865.0,20
17866.0,1
17867.0,6
17869.0,5
17870.0,12
17871.0,1
17873.0,5
17874.0,6
17877.0,1
17878.0,1
17879.0,1
17880.0,1
17881.0,1
17883.0,4
17884.0,4
17885.0,1
17886.0,3
17887.0,1
17888.0,8
17889.0,2
17890.0,2
17891.0,1
17892.0,3
17893.0,1
17894.0,8
17895.0,1
17896.0,1
17897.0,3
17898.0,2
17899.0,1
17900.0,2
17901.0,1
17904.0,1
17905.0,4
17906.0,1
17908.0,1
17911.0,1
17912.0,5
17913.0,2
17914.0,1
17917.0,3
17919.0,1
17920.0,17
17921.0,4
17923.0,1
17924.0,7
17925.0,1
17926.0,2
17928.0,2
17929.0,4
17930.0,5
17931.0,2
17932.0,3
17934.0,2
17935.0,2
17936.0,1
17937.0,7
17939.0,1
17940.0,9
17941.0,1
17942.0,1
17946.0,2
17947.0,1
17948.0,1
17949.0,44
17950.0,3
17951.0,3
17954.0,12
17955.0,4
17956.0,1
17957.0,1
17958.0,1
17960.0,1
17961.0,39
17962.0,1
17964.0,2
17965.0,14
17966.0,5
17967.0,1
17968.0,1
17969.0,2
17970.0,1
17972.0,1
17973.0,1
17974.0,3
17975.0,13
17976.0,1
17977.0,1
17978.0,1
17979.0,4
17980.0,3
17984.0,1
17985.0,1
17986.0,1
17987.0,1
17988.0,7
17990.0,3
17991.0,2
17994.0,4
17995.0,1
17997.0,8
17999.0,2
18001.0,2
18004.0,1
18005.0,2
18006.0,1
18008.0,9
18009.0,1
18010.0,1
18011.0,1
18013.0,2
18014.0,1
18015.0,1
18016.0,5
18017.0,3
18018.0,2
18019.0,1
18022.0,1
18024.0,2
18027.0,1
18030.0,2
18032.0,1
18033.0,1
18034.0,2
18035.0,3
18036.0,3
18037.0,6
18040.0,2
18041.0,21
18042.0,1
18043.0,3
18044.0,10
18045.0,1
18048.0,2
18050.0,1
18053.0,1
18055.0,10
18056.0,1
18058.0,1
18059.0,3
18061.0,10
18062.0,3
18064.0,2
18065.0,14
18066.0,1
18067.0,1
18068.0,1
18069.0,5
18071.0,2
18072.0,1
18073.0,12
18074.0,1
18075.0,10
18077.0,11
18078.0,2
18079.0,4
18080.0,2
18081.0,3
18082.0,1
18084.0,1
18085.0,2
18086.0,1
18087.0,1
18088.0,1
18092.0,11
18093.0,4
18094.0,7
18095.0,2
18096.0,3
18097.0,6
18099.0,1
18101.0,2
18102.0,60
18104.0,1
18105.0,1
18106.0,1
18108.0,1
18109.0,26
18110.0,1
18112.0,2
18113.0,1
18114.0,1
18116.0,8
18117.0,1
18118.0,26
18119.0,1
18120.0,1
18121.0,2
18122.0,6
18123.0,2
18125.0,4
18126.0,1
18127.0,3
18129.0,1
18130.0,3
18133.0,1
18135.0,5
18136.0,3
18138.0,1
18139.0,6
18142.0,2
18143.0,2
18144.0,12
18145.0,4
18146.0,2
18147.0,2
18149.0,3
18150.0,3
18151.0,2
18154.0,2
18155.0,3
18156.0,2
18158.0,2
18159.0,1
18160.0,2
18161.0,5
18164.0,1
18165.0,1
18167.0,3
18168.0,6
18169.0,1
18170.0,3
18171.0,5
18172.0,20
18173.0,4
18174.0,1
18176.0,1
18177.0,6
18178.0,4
18179.0,6
18180.0,6
18181.0,1
18183.0,2
18184.0,1
18185.0,1
18188.0,3
18189.0,2
18190.0,2
18191.0,1
18192.0,1
18193.0,1
18194.0,1
18196.0,2
18198.0,17
18200.0,1
18202.0,3
18203.0,1
18204.0,3
18205.0,2
18209.0,1
18210.0,6
18211.0,5
18212.0,1
18213.0,1
18215.0,1
18216.0,1
18217.0,2
18218.0,2
18219.0,10
18220.0,1
18221.0,5
18222.0,1
18223.0,14
18224.0,1
18225.0,12
18226.0,11
18227.0,1
18228.0,2
18229.0,20
18230.0,7
18231.0,5
18232.0,4
18233.0,1
18235.0,3
18236.0,6
18237.0,5
18239.0,5
18240.0,1
18241.0,17
18242.0,4
18245.0,7
18246.0,2
18248.0,2
18249.0,1
18250.0,1
18251.0,1
18252.0,2
18255.0,1
18257.0,8
18259.0,3
18260.0,6
18261.0,2
18262.0,1
18263.0,3
18265.0,2
18268.0,1
18269.0,1
18270.0,2
18272.0,6
18273.0,3
18274.0,1
18276.0,1
18277.0,1
18278.0,1
18280.0,1
18281.0,1
18282.0,2
18283.0,16
18287.0,3
